<?xml version='1.0' encoding='UTF-8' standalone='yes' ?>
<gpx version="1.1" creator="GPSBabel - http://www.gpsbabel.org" xmlns:xsi="http://www.w3.org/2001/XMLSchema-instance" xmlns="http://www.topografix.com/GPX/1/1" xsi:schemaLocation="http://www.topografix.com/GPX/1/1 http://www.topografix.com/GPX/1/1/gpx.xsd">
  <metadata>
    <link href="http://www.garmin.com">
      <text>Garmin International</text>
    </link>
    <time>2025-12-27T01:30:46Z</time>
    <bounds minlat="24.9169001" minlon="110.4422182" maxlat="24.9962072" maxlon="110.5236625" />
  </metadata>
  <extensions>
    <name><![CDATA[漓江精华段＋老寨山]]>
    </name>
    <description><![CDATA[漓江精华段徒步简单，基本都是平路没什么爬升，就是沿着江边走，需要过渡三次，经过几个村子，终点是兴坪古镇，二十元人名币拍照点，景色精华，老寨山是当地一个小山，会经过很多坟地，路线比较陡，有一段铁梯子需要爬的，要有一定爬山经验，看日落很不错，建议带手电筒]]>
    </description>
    <TrackId>76904261</TrackId>
    <TrackTypeId>8</TrackTypeId>
    <TrackTags>徒步,爬山</TrackTags>
    <BeginTime>1766799046000</BeginTime>
    <EndTime>1766827147000</EndTime>
    <TimeUsed>28101000</TimeUsed>
    <PauseTime>8491</PauseTime>
    <PosStartName>漓江杨堤码头</PosStartName>
    <PosEndName>兴坪古镇-榕潭佳境</PosEndName>
    <ProductVersion>and_8.0.6</ProductVersion>
    <StartDistrictId>19822</StartDistrictId>
    <EndDistrictId>19822</EndDistrictId>
    <CreaterId>54841258</CreaterId>
    <CreaterName><![CDATA[伪装-.-]]>
    </CreaterName>
    <CreaterIcon>1276692970</CreaterIcon>
    <OriginCreaterId>54841258</OriginCreaterId>
    <OriginCreaterNickname><![CDATA[伪装-.-]]>
    </OriginCreaterNickname>
    <OriginCreaterName><![CDATA[zs_EelrHU]]>
    </OriginCreaterName>
    <OriginCreaterIcon>1276692970</OriginCreaterIcon>
    <ThumbnailId>1534353611</ThumbnailId>
    <Distance>18434.0</Distance>
    <ElevationGain>415.04999999999995</ElevationGain>
    <ElevationLoss>406.99</ElevationLoss>
    <SportAvgSpeed>0.6561891641647245</SportAvgSpeed>
  </extensions>
  <trk>
    <trkseg>
      <trkpt lat="24.9962072" lon="110.4496431">
        <ele>110.8</ele>
        <time>2025-12-27T01:30:52Z</time>
        <speed>0.0</speed>
      </trkpt>
      <trkpt lat="24.9961471" lon="110.4497019">
        <ele>110.8</ele>
        <time>2025-12-27T01:31:10Z</time>
        <speed>0.8637039</speed>
      </trkpt>
      <trkpt lat="24.9960676" lon="110.4497737">
        <ele>111.02</ele>
        <time>2025-12-27T01:31:32Z</time>
        <speed>0.5116339</speed>
      </trkpt>
      <trkpt lat="24.9959633" lon="110.44983">
        <ele>111.78</ele>
        <time>2025-12-27T01:33:40Z</time>
        <speed>0.7602447</speed>
      </trkpt>
      <trkpt lat="24.9958833" lon="110.4498817">
        <ele>112.82</ele>
        <time>2025-12-27T01:33:54Z</time>
        <speed>0.0</speed>
      </trkpt>
      <trkpt lat="24.9957949" lon="110.4498572">
        <ele>113.37</ele>
        <time>2025-12-27T01:34:06Z</time>
        <speed>0.8503211</speed>
      </trkpt>
      <trkpt lat="24.9957023" lon="110.4498501">
        <ele>113.04</ele>
        <time>2025-12-27T01:34:38Z</time>
        <speed>0.68509525</speed>
      </trkpt>
      <trkpt lat="24.9956235" lon="110.4498969">
        <ele>112.29</ele>
        <time>2025-12-27T01:34:52Z</time>
        <speed>0.72267</speed>
      </trkpt>
      <trkpt lat="24.99554" lon="110.4498633">
        <ele>111.91</ele>
        <time>2025-12-27T01:36:22Z</time>
        <speed>0.85340947</speed>
      </trkpt>
      <trkpt lat="24.99552" lon="110.4497567">
        <ele>110.87</ele>
        <time>2025-12-27T01:36:34Z</time>
        <speed>0.8940725</speed>
      </trkpt>
      <trkpt lat="24.9954845" lon="110.4496472">
        <ele>110.28</ele>
        <time>2025-12-27T01:36:46Z</time>
        <speed>1.0345917</speed>
      </trkpt>
      <trkpt lat="24.9954424" lon="110.4495462">
        <ele>110.38</ele>
        <time>2025-12-27T01:36:58Z</time>
        <speed>0.98517835</speed>
      </trkpt>
      <trkpt lat="24.9953868" lon="110.4494591">
        <ele>110.09</ele>
        <time>2025-12-27T01:37:08Z</time>
        <speed>0.9656189</speed>
      </trkpt>
      <trkpt lat="24.9953281" lon="110.4493756">
        <ele>109.88</ele>
        <time>2025-12-27T01:37:20Z</time>
        <speed>0.85340947</speed>
      </trkpt>
      <trkpt lat="24.9952805" lon="110.4492863">
        <ele>109.97</ele>
        <time>2025-12-27T01:37:38Z</time>
        <speed>0.57803303</speed>
      </trkpt>
      <trkpt lat="24.9952152" lon="110.4492141">
        <ele>110.46</ele>
        <time>2025-12-27T01:38:18Z</time>
        <speed>0.80554026</speed>
      </trkpt>
      <trkpt lat="24.9951496" lon="110.4491344">
        <ele>111.51</ele>
        <time>2025-12-27T01:38:36Z</time>
        <speed>0.83899724</speed>
      </trkpt>
      <trkpt lat="24.9950759" lon="110.4490584">
        <ele>111.93</ele>
        <time>2025-12-27T01:38:48Z</time>
        <speed>0.9615011</speed>
      </trkpt>
      <trkpt lat="24.9950097" lon="110.4489712">
        <ele>112.01</ele>
        <time>2025-12-27T01:38:58Z</time>
        <speed>1.1596692</speed>
      </trkpt>
      <trkpt lat="24.994947" lon="110.4488872">
        <ele>112.3</ele>
        <time>2025-12-27T01:39:08Z</time>
        <speed>1.046945</speed>
      </trkpt>
      <trkpt lat="24.9948793" lon="110.4487997">
        <ele>112.3</ele>
        <time>2025-12-27T01:39:18Z</time>
        <speed>1.1040791</speed>
      </trkpt>
      <trkpt lat="24.9948145" lon="110.4487074">
        <ele>111.61</ele>
        <time>2025-12-27T01:39:28Z</time>
        <speed>1.1679047</speed>
      </trkpt>
      <trkpt lat="24.9947598" lon="110.4485997">
        <ele>111.09</ele>
        <time>2025-12-27T01:39:38Z</time>
        <speed>1.2579811</speed>
      </trkpt>
      <trkpt lat="24.9946898" lon="110.4485306">
        <ele>110.32</ele>
        <time>2025-12-27T01:39:46Z</time>
        <speed>1.2960706</speed>
      </trkpt>
      <trkpt lat="24.9946037" lon="110.4485668">
        <ele>110.35</ele>
        <time>2025-12-27T01:39:54Z</time>
        <speed>1.4427664</speed>
      </trkpt>
      <trkpt lat="24.9945234" lon="110.4486412">
        <ele>110.37</ele>
        <time>2025-12-27T01:40:02Z</time>
        <speed>1.3243803</speed>
      </trkpt>
      <trkpt lat="24.9944415" lon="110.4487092">
        <ele>110.08</ele>
        <time>2025-12-27T01:40:10Z</time>
        <speed>1.324895</speed>
      </trkpt>
      <trkpt lat="24.9943755" lon="110.4487392">
        <ele>109.88</ele>
        <time>2025-12-27T01:40:28Z</time>
        <speed>0.0</speed>
      </trkpt>
      <trkpt lat="24.9942917" lon="110.4487083">
        <ele>109.5</ele>
        <time>2025-12-27T01:42:16Z</time>
        <speed>0.0</speed>
      </trkpt>
      <trkpt lat="24.9942317" lon="110.4487833">
        <ele>104.34</ele>
        <time>2025-12-27T01:42:30Z</time>
        <speed>0.0</speed>
      </trkpt>
      <trkpt lat="24.9941463" lon="110.4488612">
        <ele>101.44</ele>
        <time>2025-12-27T01:42:40Z</time>
        <speed>1.2214358</speed>
      </trkpt>
      <trkpt lat="24.99405" lon="110.4489292">
        <ele>99.79</ele>
        <time>2025-12-27T01:42:48Z</time>
        <speed>1.3902647</speed>
      </trkpt>
      <trkpt lat="24.9939627" lon="110.4489766">
        <ele>99.19</ele>
        <time>2025-12-27T01:42:54Z</time>
        <speed>1.5457108</speed>
      </trkpt>
      <trkpt lat="24.9938905" lon="110.4490044">
        <ele>99.19</ele>
        <time>2025-12-27T01:43:00Z</time>
        <speed>0.0</speed>
      </trkpt>
      <trkpt lat="24.9938103" lon="110.4490512">
        <ele>99.33</ele>
        <time>2025-12-27T01:43:08Z</time>
        <speed>0.0</speed>
      </trkpt>
      <trkpt lat="24.9937189" lon="110.4491031">
        <ele>99.49</ele>
        <time>2025-12-27T01:43:18Z</time>
        <speed>0.0</speed>
      </trkpt>
      <trkpt lat="24.9936372" lon="110.4491567">
        <ele>99.54</ele>
        <time>2025-12-27T01:43:28Z</time>
        <speed>0.9244411</speed>
      </trkpt>
      <trkpt lat="24.9935697" lon="110.449232">
        <ele>99.48</ele>
        <time>2025-12-27T01:43:40Z</time>
        <speed>0.75200915</speed>
      </trkpt>
      <trkpt lat="24.9935272" lon="110.4493324">
        <ele>99.01</ele>
        <time>2025-12-27T01:43:58Z</time>
        <speed>0.5142075</speed>
      </trkpt>
      <trkpt lat="24.9935106" lon="110.4494971">
        <ele>97.89</ele>
        <time>2025-12-27T01:44:46Z</time>
        <speed>0.26353776</speed>
      </trkpt>
      <trkpt lat="24.9934317" lon="110.4495067">
        <ele>97.85</ele>
        <time>2025-12-27T01:46:54Z</time>
        <speed>0.45964694</speed>
      </trkpt>
      <trkpt lat="24.9933433" lon="110.449465">
        <ele>99.51</ele>
        <time>2025-12-27T01:47:20Z</time>
        <speed>0.6866394</speed>
      </trkpt>
      <trkpt lat="24.9932508" lon="110.4494276">
        <ele>101.27</ele>
        <time>2025-12-27T01:47:32Z</time>
        <speed>0.7617889</speed>
      </trkpt>
      <trkpt lat="24.9931665" lon="110.4493844">
        <ele>102.53</ele>
        <time>2025-12-27T01:47:42Z</time>
        <speed>0.7736275</speed>
      </trkpt>
      <trkpt lat="24.993086" lon="110.4493308">
        <ele>103.72</ele>
        <time>2025-12-27T01:47:52Z</time>
        <speed>0.750465</speed>
      </trkpt>
      <trkpt lat="24.9930329" lon="110.4492472">
        <ele>105.56</ele>
        <time>2025-12-27T01:48:22Z</time>
        <speed>0.0</speed>
      </trkpt>
      <trkpt lat="24.9929733" lon="110.449167">
        <ele>107.69</ele>
        <time>2025-12-27T01:48:48Z</time>
        <speed>1.01915</speed>
      </trkpt>
      <trkpt lat="24.9929184" lon="110.4490726">
        <ele>109.84</ele>
        <time>2025-12-27T01:49:02Z</time>
        <speed>0.8127464</speed>
      </trkpt>
      <trkpt lat="24.9928508" lon="110.4489863">
        <ele>111.55</ele>
        <time>2025-12-27T01:49:12Z</time>
        <speed>1.0103997</speed>
      </trkpt>
      <trkpt lat="24.9928181" lon="110.4488805">
        <ele>112.95</ele>
        <time>2025-12-27T01:49:22Z</time>
        <speed>1.0103997</speed>
      </trkpt>
      <trkpt lat="24.992776" lon="110.4487715">
        <ele>113.87</ele>
        <time>2025-12-27T01:49:34Z</time>
        <speed>0.6923014</speed>
      </trkpt>
      <trkpt lat="24.9927363" lon="110.4486588">
        <ele>114.66</ele>
        <time>2025-12-27T01:49:42Z</time>
        <speed>1.0150322</speed>
      </trkpt>
      <trkpt lat="24.9926821" lon="110.448548">
        <ele>114.72</ele>
        <time>2025-12-27T01:49:52Z</time>
        <speed>0.9609864</speed>
      </trkpt>
      <trkpt lat="24.9926385" lon="110.4484361">
        <ele>114.02</ele>
        <time>2025-12-27T01:50:02Z</time>
        <speed>0.81223166</speed>
      </trkpt>
      <trkpt lat="24.9926019" lon="110.4483328">
        <ele>112.59</ele>
        <time>2025-12-27T01:50:10Z</time>
        <speed>1.0608425</speed>
      </trkpt>
      <trkpt lat="24.9925813" lon="110.4482252">
        <ele>111.43</ele>
        <time>2025-12-27T01:50:20Z</time>
        <speed>0.9285589</speed>
      </trkpt>
      <trkpt lat="24.9925224" lon="110.4481395">
        <ele>110.17</ele>
        <time>2025-12-27T01:50:34Z</time>
        <speed>0.61766666</speed>
      </trkpt>
      <trkpt lat="24.9924306" lon="110.4480932">
        <ele>109.37</ele>
        <time>2025-12-27T01:50:44Z</time>
        <speed>0.80245197</speed>
      </trkpt>
      <trkpt lat="24.9923334" lon="110.4480425">
        <ele>109.9</ele>
        <time>2025-12-27T01:50:54Z</time>
        <speed>1.0731958</speed>
      </trkpt>
      <trkpt lat="24.9922569" lon="110.4479724">
        <ele>110.8</ele>
        <time>2025-12-27T01:51:04Z</time>
        <speed>1.059813</speed>
      </trkpt>
      <trkpt lat="24.9922321" lon="110.4478765">
        <ele>111.27</ele>
        <time>2025-12-27T01:51:14Z</time>
        <speed>0.9872372</speed>
      </trkpt>
      <trkpt lat="24.9921947" lon="110.4477753">
        <ele>111.89</ele>
        <time>2025-12-27T01:51:24Z</time>
        <speed>1.1550367</speed>
      </trkpt>
      <trkpt lat="24.9921509" lon="110.4476788">
        <ele>112.32</ele>
        <time>2025-12-27T01:51:34Z</time>
        <speed>1.0001053</speed>
      </trkpt>
      <trkpt lat="24.9921441" lon="110.4475727">
        <ele>112.83</ele>
        <time>2025-12-27T01:51:44Z</time>
        <speed>0.8683364</speed>
      </trkpt>
      <trkpt lat="24.9921117" lon="110.4474734">
        <ele>113.42</ele>
        <time>2025-12-27T01:51:54Z</time>
        <speed>0.80965805</speed>
      </trkpt>
      <trkpt lat="24.992048" lon="110.4473873">
        <ele>114.14</ele>
        <time>2025-12-27T01:52:04Z</time>
        <speed>1.0819461</speed>
      </trkpt>
      <trkpt lat="24.9919818" lon="110.4472998">
        <ele>115.24</ele>
        <time>2025-12-27T01:52:14Z</time>
        <speed>0.9378239</speed>
      </trkpt>
      <trkpt lat="24.9919141" lon="110.4472098">
        <ele>116.21</ele>
        <time>2025-12-27T01:52:24Z</time>
        <speed>1.176655</speed>
      </trkpt>
      <trkpt lat="24.9918245" lon="110.4471412">
        <ele>116.34</ele>
        <time>2025-12-27T01:52:34Z</time>
        <speed>1.0129733</speed>
      </trkpt>
      <trkpt lat="24.9917738" lon="110.4471104">
        <ele>115.85</ele>
        <time>2025-12-27T01:52:44Z</time>
        <speed>0.0</speed>
      </trkpt>
      <trkpt lat="24.9917853" lon="110.4470371">
        <ele>115.48</ele>
        <time>2025-12-27T01:53:14Z</time>
        <speed>0.75355333</speed>
      </trkpt>
      <trkpt lat="24.9917605" lon="110.4469393">
        <ele>115.06</ele>
        <time>2025-12-27T01:53:26Z</time>
        <speed>0.75458276</speed>
      </trkpt>
      <trkpt lat="24.9917084" lon="110.4468385">
        <ele>114.22</ele>
        <time>2025-12-27T01:53:36Z</time>
        <speed>0.97179556</speed>
      </trkpt>
      <trkpt lat="24.9916512" lon="110.4467421">
        <ele>113.44</ele>
        <time>2025-12-27T01:53:46Z</time>
        <speed>0.8585567</speed>
      </trkpt>
      <trkpt lat="24.9915985" lon="110.4466423">
        <ele>112.43</ele>
        <time>2025-12-27T01:53:54Z</time>
        <speed>1.0587837</speed>
      </trkpt>
      <trkpt lat="24.9915471" lon="110.4465328">
        <ele>111.26</ele>
        <time>2025-12-27T01:54:08Z</time>
        <speed>0.7391411</speed>
      </trkpt>
      <trkpt lat="24.9914829" lon="110.4464439">
        <ele>110.2</ele>
        <time>2025-12-27T01:54:16Z</time>
        <speed>1.1004761</speed>
      </trkpt>
      <trkpt lat="24.9914064" lon="110.4463632">
        <ele>109.9</ele>
        <time>2025-12-27T01:54:28Z</time>
        <speed>0.8333353</speed>
      </trkpt>
      <trkpt lat="24.9913326" lon="110.4462861">
        <ele>109.99</ele>
        <time>2025-12-27T01:54:40Z</time>
        <speed>0.8776014</speed>
      </trkpt>
      <trkpt lat="24.9912967" lon="110.44619">
        <ele>109.48</ele>
        <time>2025-12-27T01:56:08Z</time>
        <speed>0.5147222</speed>
      </trkpt>
      <trkpt lat="24.99123" lon="110.4461233">
        <ele>109.36</ele>
        <time>2025-12-27T01:56:26Z</time>
        <speed>0.59090114</speed>
      </trkpt>
      <trkpt lat="24.9912233" lon="110.446015">
        <ele>109.07</ele>
        <time>2025-12-27T01:59:42Z</time>
        <speed>0.31449527</speed>
      </trkpt>
      <trkpt lat="24.991245" lon="110.4459117">
        <ele>106.55</ele>
        <time>2025-12-27T01:59:58Z</time>
        <speed>0.6516383</speed>
      </trkpt>
      <trkpt lat="24.991215" lon="110.4458117">
        <ele>104.51</ele>
        <time>2025-12-27T02:01:00Z</time>
        <speed>0.42464584</speed>
      </trkpt>
      <trkpt lat="24.9911617" lon="110.4457317">
        <ele>104.76</ele>
        <time>2025-12-27T02:01:10Z</time>
        <speed>0.9198086</speed>
      </trkpt>
      <trkpt lat="24.9911097" lon="110.4456446">
        <ele>105.04</ele>
        <time>2025-12-27T02:01:56Z</time>
        <speed>0.25324333</speed>
      </trkpt>
      <trkpt lat="24.9910283" lon="110.4455817">
        <ele>106.35</ele>
        <time>2025-12-27T02:04:22Z</time>
        <speed>0.4488378</speed>
      </trkpt>
      <trkpt lat="24.9909667" lon="110.4454983">
        <ele>105.56</ele>
        <time>2025-12-27T02:04:40Z</time>
        <speed>0.5214136</speed>
      </trkpt>
      <trkpt lat="24.990905" lon="110.4454178">
        <ele>105.58</ele>
        <time>2025-12-27T02:05:12Z</time>
        <speed>0.28361195</speed>
      </trkpt>
      <trkpt lat="24.9908626" lon="110.4453288">
        <ele>106.06</ele>
        <time>2025-12-27T02:05:28Z</time>
        <speed>0.6331083</speed>
      </trkpt>
      <trkpt lat="24.9908175" lon="110.4452371">
        <ele>105.9</ele>
        <time>2025-12-27T02:05:44Z</time>
        <speed>0.60840166</speed>
      </trkpt>
      <trkpt lat="24.9907696" lon="110.4451485">
        <ele>105.56</ele>
        <time>2025-12-27T02:06:00Z</time>
        <speed>0.6372261</speed>
      </trkpt>
      <trkpt lat="24.9907152" lon="110.4450675">
        <ele>105.15</ele>
        <time>2025-12-27T02:06:12Z</time>
        <speed>0.7257583</speed>
      </trkpt>
      <trkpt lat="24.9906547" lon="110.4449932">
        <ele>105.47</ele>
        <time>2025-12-27T02:06:26Z</time>
        <speed>0.76796556</speed>
      </trkpt>
      <trkpt lat="24.9906035" lon="110.4449008">
        <ele>106.69</ele>
        <time>2025-12-27T02:06:40Z</time>
        <speed>0.8549536</speed>
      </trkpt>
      <trkpt lat="24.9905312" lon="110.4448238">
        <ele>107.34</ele>
        <time>2025-12-27T02:06:54Z</time>
        <speed>0.70414</speed>
      </trkpt>
      <trkpt lat="24.9904672" lon="110.4447468">
        <ele>107.45</ele>
        <time>2025-12-27T02:07:06Z</time>
        <speed>0.772598</speed>
      </trkpt>
      <trkpt lat="24.9904073" lon="110.4446681">
        <ele>107.47</ele>
        <time>2025-12-27T02:07:22Z</time>
        <speed>0.7015664</speed>
      </trkpt>
      <trkpt lat="24.9903464" lon="110.4445797">
        <ele>108.34</ele>
        <time>2025-12-27T02:07:36Z</time>
        <speed>0.82304084</speed>
      </trkpt>
      <trkpt lat="24.9902813" lon="110.4444891">
        <ele>108.76</ele>
        <time>2025-12-27T02:07:48Z</time>
        <speed>0.772598</speed>
      </trkpt>
      <trkpt lat="24.9902246" lon="110.444393">
        <ele>108.6</ele>
        <time>2025-12-27T02:08:02Z</time>
        <speed>0.9589275</speed>
      </trkpt>
      <trkpt lat="24.9901786" lon="110.4442992">
        <ele>108.17</ele>
        <time>2025-12-27T02:08:16Z</time>
        <speed>0.7762011</speed>
      </trkpt>
      <trkpt lat="24.9901175" lon="110.444218">
        <ele>107.11</ele>
        <time>2025-12-27T02:08:38Z</time>
        <speed>0.7298761</speed>
      </trkpt>
      <trkpt lat="24.9900817" lon="110.4441183">
        <ele>107.23</ele>
        <time>2025-12-27T02:10:14Z</time>
        <speed>0.34640807</speed>
      </trkpt>
      <trkpt lat="24.990035" lon="110.444025">
        <ele>108.38</ele>
        <time>2025-12-27T02:10:40Z</time>
        <speed>0.22647777</speed>
      </trkpt>
      <trkpt lat="24.9899982" lon="110.4439317">
        <ele>108.09</ele>
        <time>2025-12-27T02:10:54Z</time>
        <speed>0.8626744</speed>
      </trkpt>
      <trkpt lat="24.98997" lon="110.4438333">
        <ele>107.71</ele>
        <time>2025-12-27T02:12:10Z</time>
        <speed>0.5070014</speed>
      </trkpt>
      <trkpt lat="24.9899267" lon="110.4437417">
        <ele>107.02</ele>
        <time>2025-12-27T02:12:24Z</time>
        <speed>0.6624475</speed>
      </trkpt>
      <trkpt lat="24.9898483" lon="110.4436683">
        <ele>106.88</ele>
        <time>2025-12-27T02:15:26Z</time>
        <speed>0.3268486</speed>
      </trkpt>
      <trkpt lat="24.9897933" lon="110.44358">
        <ele>109.6</ele>
        <time>2025-12-27T02:15:42Z</time>
        <speed>0.5646503</speed>
      </trkpt>
      <trkpt lat="24.9897242" lon="110.4435142">
        <ele>111.41</ele>
        <time>2025-12-27T02:16:02Z</time>
        <speed>0.4143514</speed>
      </trkpt>
      <trkpt lat="24.9896526" lon="110.4434512">
        <ele>112.52</ele>
        <time>2025-12-27T02:16:24Z</time>
        <speed>0.46942666</speed>
      </trkpt>
      <trkpt lat="24.9895864" lon="110.4433753">
        <ele>113.5</ele>
        <time>2025-12-27T02:16:40Z</time>
        <speed>0.7180375</speed>
      </trkpt>
      <trkpt lat="24.9895075" lon="110.4433106">
        <ele>114.15</ele>
        <time>2025-12-27T02:17:00Z</time>
        <speed>0.76384777</speed>
      </trkpt>
      <trkpt lat="24.9894325" lon="110.4432342">
        <ele>114.3</ele>
        <time>2025-12-27T02:17:16Z</time>
        <speed>0.5378847</speed>
      </trkpt>
      <trkpt lat="24.9893572" lon="110.4431654">
        <ele>114.17</ele>
        <time>2025-12-27T02:17:30Z</time>
        <speed>0.7767158</speed>
      </trkpt>
      <trkpt lat="24.9892895" lon="110.4430887">
        <ele>113.8</ele>
        <time>2025-12-27T02:17:50Z</time>
        <speed>0.50648665</speed>
      </trkpt>
      <trkpt lat="24.9892208" lon="110.44302">
        <ele>113.07</ele>
        <time>2025-12-27T02:18:06Z</time>
        <speed>0.528105</speed>
      </trkpt>
      <trkpt lat="24.9891452" lon="110.4429447">
        <ele>112.74</ele>
        <time>2025-12-27T02:18:28Z</time>
        <speed>0.57340056</speed>
      </trkpt>
      <trkpt lat="24.9890594" lon="110.4428917">
        <ele>112.94</ele>
        <time>2025-12-27T02:18:44Z</time>
        <speed>0.5687681</speed>
      </trkpt>
      <trkpt lat="24.9889701" lon="110.4428458">
        <ele>113.18</ele>
        <time>2025-12-27T02:18:58Z</time>
        <speed>0.670683</speed>
      </trkpt>
      <trkpt lat="24.9888816" lon="110.4428101">
        <ele>113.32</ele>
        <time>2025-12-27T02:19:14Z</time>
        <speed>0.79370165</speed>
      </trkpt>
      <trkpt lat="24.9887977" lon="110.4427522">
        <ele>113.44</ele>
        <time>2025-12-27T02:19:52Z</time>
        <speed>0.6573003</speed>
      </trkpt>
      <trkpt lat="24.9887082" lon="110.4427039">
        <ele>112.82</ele>
        <time>2025-12-27T02:20:02Z</time>
        <speed>1.1009909</speed>
      </trkpt>
      <trkpt lat="24.9886228" lon="110.4426522">
        <ele>112.81</ele>
        <time>2025-12-27T02:20:12Z</time>
        <speed>1.0860639</speed>
      </trkpt>
      <trkpt lat="24.9885404" lon="110.4425853">
        <ele>112.94</ele>
        <time>2025-12-27T02:20:24Z</time>
        <speed>0.71958166</speed>
      </trkpt>
      <trkpt lat="24.9884565" lon="110.4425267">
        <ele>112.1</ele>
        <time>2025-12-27T02:20:34Z</time>
        <speed>0.9753986</speed>
      </trkpt>
      <trkpt lat="24.9883568" lon="110.4424959">
        <ele>111.5</ele>
        <time>2025-12-27T02:21:22Z</time>
        <speed>0.19713861</speed>
      </trkpt>
      <trkpt lat="24.9882651" lon="110.4424563">
        <ele>110.64</ele>
        <time>2025-12-27T02:21:40Z</time>
        <speed>0.63104945</speed>
      </trkpt>
      <trkpt lat="24.9881759" lon="110.4424272">
        <ele>110.58</ele>
        <time>2025-12-27T02:21:58Z</time>
        <speed>0.50906026</speed>
      </trkpt>
      <trkpt lat="24.9880839" lon="110.4424265">
        <ele>111.53</ele>
        <time>2025-12-27T02:22:12Z</time>
        <speed>0.80245197</speed>
      </trkpt>
      <trkpt lat="24.9880044" lon="110.4423879">
        <ele>112.25</ele>
        <time>2025-12-27T02:22:22Z</time>
        <speed>0.8101728</speed>
      </trkpt>
      <trkpt lat="24.9879234" lon="110.4423461">
        <ele>112.49</ele>
        <time>2025-12-27T02:22:58Z</time>
        <speed>0.37420306</speed>
      </trkpt>
      <trkpt lat="24.9878287" lon="110.4423166">
        <ele>113.31</ele>
        <time>2025-12-27T02:23:14Z</time>
        <speed>0.95841277</speed>
      </trkpt>
      <trkpt lat="24.9877337" lon="110.4423074">
        <ele>114.64</ele>
        <time>2025-12-27T02:23:30Z</time>
        <speed>0.3541289</speed>
      </trkpt>
      <trkpt lat="24.9876393" lon="110.4422827">
        <ele>116.47</ele>
        <time>2025-12-27T02:23:44Z</time>
        <speed>0.7648772</speed>
      </trkpt>
      <trkpt lat="24.9875466" lon="110.4422261">
        <ele>117.95</ele>
        <time>2025-12-27T02:24:04Z</time>
        <speed>0.68921304</speed>
      </trkpt>
      <trkpt lat="24.9874484" lon="110.4422182">
        <ele>119.13</ele>
        <time>2025-12-27T02:24:16Z</time>
        <speed>0.9012786</speed>
      </trkpt>
      <trkpt lat="24.987352" lon="110.442226">
        <ele>120.54</ele>
        <time>2025-12-27T02:24:40Z</time>
        <speed>0.3896447</speed>
      </trkpt>
      <trkpt lat="24.9872591" lon="110.4422217">
        <ele>122.59</ele>
        <time>2025-12-27T02:24:54Z</time>
        <speed>0.48280945</speed>
      </trkpt>
      <trkpt lat="24.9871686" lon="110.442235">
        <ele>124.18</ele>
        <time>2025-12-27T02:25:06Z</time>
        <speed>0.89973444</speed>
      </trkpt>
      <trkpt lat="24.987084" lon="110.4422807">
        <ele>125.05</ele>
        <time>2025-12-27T02:25:20Z</time>
        <speed>0.8683364</speed>
      </trkpt>
      <trkpt lat="24.9869976" lon="110.4423222">
        <ele>125.03</ele>
        <time>2025-12-27T02:25:34Z</time>
        <speed>0.8014225</speed>
      </trkpt>
      <trkpt lat="24.98691" lon="110.4423559">
        <ele>124.63</ele>
        <time>2025-12-27T02:25:46Z</time>
        <speed>0.8935578</speed>
      </trkpt>
      <trkpt lat="24.9868181" lon="110.4423583">
        <ele>124.19</ele>
        <time>2025-12-27T02:26:10Z</time>
        <speed>0.26250833</speed>
      </trkpt>
      <trkpt lat="24.9867321" lon="110.4423967">
        <ele>123.59</ele>
        <time>2025-12-27T02:26:24Z</time>
        <speed>0.6511236</speed>
      </trkpt>
      <trkpt lat="24.9866473" lon="110.4424449">
        <ele>123.21</ele>
        <time>2025-12-27T02:26:36Z</time>
        <speed>0.8518653</speed>
      </trkpt>
      <trkpt lat="24.9865602" lon="110.4424918">
        <ele>123.16</ele>
        <time>2025-12-27T02:26:56Z</time>
        <speed>0.6253875</speed>
      </trkpt>
      <trkpt lat="24.9864947" lon="110.442571">
        <ele>123.39</ele>
        <time>2025-12-27T02:27:12Z</time>
        <speed>0.85238</speed>
      </trkpt>
      <trkpt lat="24.9864207" lon="110.4426389">
        <ele>123.53</ele>
        <time>2025-12-27T02:27:30Z</time>
        <speed>0.70774305</speed>
      </trkpt>
      <trkpt lat="24.9863801" lon="110.4427406">
        <ele>122.18</ele>
        <time>2025-12-27T02:27:42Z</time>
        <speed>0.93319136</speed>
      </trkpt>
      <trkpt lat="24.986319" lon="110.4428268">
        <ele>121.11</ele>
        <time>2025-12-27T02:28:02Z</time>
        <speed>0.7448031</speed>
      </trkpt>
      <trkpt lat="24.9862334" lon="110.442865">
        <ele>119.9</ele>
        <time>2025-12-27T02:28:14Z</time>
        <speed>0.7617889</speed>
      </trkpt>
      <trkpt lat="24.9861403" lon="110.4428843">
        <ele>119.43</ele>
        <time>2025-12-27T02:28:24Z</time>
        <speed>0.8776014</speed>
      </trkpt>
      <trkpt lat="24.9860433" lon="110.4428778">
        <ele>119.29</ele>
        <time>2025-12-27T02:28:36Z</time>
        <speed>0.80039304</speed>
      </trkpt>
      <trkpt lat="24.9859486" lon="110.4428892">
        <ele>119.08</ele>
        <time>2025-12-27T02:28:52Z</time>
        <speed>0.7242142</speed>
      </trkpt>
      <trkpt lat="24.9858467" lon="110.4429263">
        <ele>118.7</ele>
        <time>2025-12-27T02:29:24Z</time>
        <speed>0.30265668</speed>
      </trkpt>
      <trkpt lat="24.9857526" lon="110.4429855">
        <ele>118.74</ele>
        <time>2025-12-27T02:29:34Z</time>
        <speed>1.1653311</speed>
      </trkpt>
      <trkpt lat="24.985658" lon="110.4430305">
        <ele>118.72</ele>
        <time>2025-12-27T02:29:44Z</time>
        <speed>1.0083408</speed>
      </trkpt>
      <trkpt lat="24.9855683" lon="110.4430646">
        <ele>119.49</ele>
        <time>2025-12-27T02:29:56Z</time>
        <speed>0.78701025</speed>
      </trkpt>
      <trkpt lat="24.9854827" lon="110.4431009">
        <ele>120.31</ele>
        <time>2025-12-27T02:30:08Z</time>
        <speed>0.7339939</speed>
      </trkpt>
      <trkpt lat="24.9853984" lon="110.4431446">
        <ele>120.87</ele>
        <time>2025-12-27T02:30:20Z</time>
        <speed>0.8220114</speed>
      </trkpt>
      <trkpt lat="24.9853104" lon="110.4431813">
        <ele>121.18</ele>
        <time>2025-12-27T02:30:34Z</time>
        <speed>0.7623036</speed>
      </trkpt>
      <trkpt lat="24.9852282" lon="110.443225">
        <ele>120.97</ele>
        <time>2025-12-27T02:30:48Z</time>
        <speed>0.8112022</speed>
      </trkpt>
      <trkpt lat="24.9851396" lon="110.4432665">
        <ele>120.6</ele>
        <time>2025-12-27T02:31:00Z</time>
        <speed>1.0958436</speed>
      </trkpt>
      <trkpt lat="24.9850482" lon="110.4433157">
        <ele>119.95</ele>
        <time>2025-12-27T02:31:12Z</time>
        <speed>0.81377584</speed>
      </trkpt>
      <trkpt lat="24.9849561" lon="110.4433614">
        <ele>119.97</ele>
        <time>2025-12-27T02:31:30Z</time>
        <speed>0.74789137</speed>
      </trkpt>
      <trkpt lat="24.9848702" lon="110.4434167">
        <ele>120.42</ele>
        <time>2025-12-27T02:31:46Z</time>
        <speed>0.7015664</speed>
      </trkpt>
      <trkpt lat="24.984778" lon="110.4434579">
        <ele>121.1</ele>
        <time>2025-12-27T02:31:58Z</time>
        <speed>0.94348586</speed>
      </trkpt>
      <trkpt lat="24.9846895" lon="110.4435085">
        <ele>121.79</ele>
        <time>2025-12-27T02:32:12Z</time>
        <speed>0.8678217</speed>
      </trkpt>
      <trkpt lat="24.9845975" lon="110.4435516">
        <ele>122.31</ele>
        <time>2025-12-27T02:32:24Z</time>
        <speed>0.935765</speed>
      </trkpt>
      <trkpt lat="24.9845055" lon="110.4435956">
        <ele>122.35</ele>
        <time>2025-12-27T02:32:34Z</time>
        <speed>1.0587837</speed>
      </trkpt>
      <trkpt lat="24.9844136" lon="110.4436326">
        <ele>122.89</ele>
        <time>2025-12-27T02:32:46Z</time>
        <speed>0.86730695</speed>
      </trkpt>
      <trkpt lat="24.9843242" lon="110.4436697">
        <ele>123.49</ele>
        <time>2025-12-27T02:32:58Z</time>
        <speed>0.9748839</speed>
      </trkpt>
      <trkpt lat="24.9842322" lon="110.4437223">
        <ele>124.36</ele>
        <time>2025-12-27T02:33:12Z</time>
        <speed>0.9872372</speed>
      </trkpt>
      <trkpt lat="24.9841402" lon="110.4437757">
        <ele>124.42</ele>
        <time>2025-12-27T02:33:24Z</time>
        <speed>1.1308447</speed>
      </trkpt>
      <trkpt lat="24.9840547" lon="110.44384">
        <ele>124.75</ele>
        <time>2025-12-27T02:33:36Z</time>
        <speed>1.0155469</speed>
      </trkpt>
      <trkpt lat="24.983959" lon="110.4438853">
        <ele>125.51</ele>
        <time>2025-12-27T02:33:48Z</time>
        <speed>0.99907583</speed>
      </trkpt>
      <trkpt lat="24.9838655" lon="110.4439291">
        <ele>125.89</ele>
        <time>2025-12-27T02:34:02Z</time>
        <speed>0.89252836</speed>
      </trkpt>
      <trkpt lat="24.9837707" lon="110.4439855">
        <ele>125.94</ele>
        <time>2025-12-27T02:34:16Z</time>
        <speed>0.97848696</speed>
      </trkpt>
      <trkpt lat="24.983683" lon="110.4440356">
        <ele>124.93</ele>
        <time>2025-12-27T02:34:28Z</time>
        <speed>0.8559831</speed>
      </trkpt>
      <trkpt lat="24.9835918" lon="110.4440841">
        <ele>124.53</ele>
        <time>2025-12-27T02:34:42Z</time>
        <speed>0.91311723</speed>
      </trkpt>
      <trkpt lat="24.9834964" lon="110.4441197">
        <ele>124.73</ele>
        <time>2025-12-27T02:34:56Z</time>
        <speed>1.0659897</speed>
      </trkpt>
      <trkpt lat="24.9834184" lon="110.4441782">
        <ele>124.42</ele>
        <time>2025-12-27T02:35:08Z</time>
        <speed>0.9203233</speed>
      </trkpt>
      <trkpt lat="24.9833506" lon="110.4442459">
        <ele>123.94</ele>
        <time>2025-12-27T02:35:20Z</time>
        <speed>0.8760572</speed>
      </trkpt>
      <trkpt lat="24.9832745" lon="110.4443074">
        <ele>123.36</ele>
        <time>2025-12-27T02:35:34Z</time>
        <speed>0.8302469</speed>
      </trkpt>
      <trkpt lat="24.9831994" lon="110.4443781">
        <ele>122.82</ele>
        <time>2025-12-27T02:35:48Z</time>
        <speed>1.0778283</speed>
      </trkpt>
      <trkpt lat="24.9831183" lon="110.444432">
        <ele>122.34</ele>
        <time>2025-12-27T02:36:00Z</time>
        <speed>0.8467181</speed>
      </trkpt>
      <trkpt lat="24.9830437" lon="110.4444917">
        <ele>122.06</ele>
        <time>2025-12-27T02:36:12Z</time>
        <speed>0.8240703</speed>
      </trkpt>
      <trkpt lat="24.9829893" lon="110.4445741">
        <ele>122.17</ele>
        <time>2025-12-27T02:36:34Z</time>
        <speed>0.59604836</speed>
      </trkpt>
      <trkpt lat="24.9829283" lon="110.4446583">
        <ele>121.62</ele>
        <time>2025-12-27T02:38:32Z</time>
        <speed>0.20434472</speed>
      </trkpt>
      <trkpt lat="24.98285" lon="110.4447167">
        <ele>120.67</ele>
        <time>2025-12-27T02:39:30Z</time>
        <speed>0.5054572</speed>
      </trkpt>
      <trkpt lat="24.9827858" lon="110.4447947">
        <ele>119.05</ele>
        <time>2025-12-27T02:39:46Z</time>
        <speed>0.0</speed>
      </trkpt>
      <trkpt lat="24.9827382" lon="110.444884">
        <ele>117.52</ele>
        <time>2025-12-27T02:40:10Z</time>
        <speed>0.43905807</speed>
      </trkpt>
      <trkpt lat="24.9826909" lon="110.4449732">
        <ele>116.44</ele>
        <time>2025-12-27T02:40:24Z</time>
        <speed>0.75355333</speed>
      </trkpt>
      <trkpt lat="24.9826379" lon="110.4450579">
        <ele>115.73</ele>
        <time>2025-12-27T02:40:34Z</time>
        <speed>0.9738544</speed>
      </trkpt>
      <trkpt lat="24.9825811" lon="110.4451442">
        <ele>115.42</ele>
        <time>2025-12-27T02:40:44Z</time>
        <speed>1.1195208</speed>
      </trkpt>
      <trkpt lat="24.9825127" lon="110.4452236">
        <ele>115.45</ele>
        <time>2025-12-27T02:40:54Z</time>
        <speed>1.0490038</speed>
      </trkpt>
      <trkpt lat="24.9824516" lon="110.4453178">
        <ele>115.3</ele>
        <time>2025-12-27T02:41:04Z</time>
        <speed>1.2924675</speed>
      </trkpt>
      <trkpt lat="24.9823951" lon="110.4454102">
        <ele>115.73</ele>
        <time>2025-12-27T02:41:14Z</time>
        <speed>1.0757694</speed>
      </trkpt>
      <trkpt lat="24.982334" lon="110.4454988">
        <ele>116.36</ele>
        <time>2025-12-27T02:41:24Z</time>
        <speed>1.0680486</speed>
      </trkpt>
      <trkpt lat="24.9822823" lon="110.4455883">
        <ele>116.85</ele>
        <time>2025-12-27T02:41:34Z</time>
        <speed>1.0340769</speed>
      </trkpt>
      <trkpt lat="24.9822616" lon="110.4456556">
        <ele>117.26</ele>
        <time>2025-12-27T02:41:46Z</time>
        <speed>0.0</speed>
      </trkpt>
      <trkpt lat="24.982208" lon="110.4457186">
        <ele>117.36</ele>
        <time>2025-12-27T02:42:14Z</time>
        <speed>0.670683</speed>
      </trkpt>
      <trkpt lat="24.9821354" lon="110.4457725">
        <ele>116.35</ele>
        <time>2025-12-27T02:42:24Z</time>
        <speed>0.85546833</speed>
      </trkpt>
      <trkpt lat="24.9820542" lon="110.4458352">
        <ele>115.38</ele>
        <time>2025-12-27T02:42:38Z</time>
        <speed>0.7499503</speed>
      </trkpt>
      <trkpt lat="24.9819712" lon="110.4458895">
        <ele>115.35</ele>
        <time>2025-12-27T02:42:50Z</time>
        <speed>0.8194378</speed>
      </trkpt>
      <trkpt lat="24.9818876" lon="110.4459584">
        <ele>115.28</ele>
        <time>2025-12-27T02:43:22Z</time>
        <speed>0.48126528</speed>
      </trkpt>
      <trkpt lat="24.9819183" lon="110.4458683">
        <ele>115.46</ele>
        <time>2025-12-27T02:44:40Z</time>
        <speed>0.43854332</speed>
      </trkpt>
      <trkpt lat="24.981935" lon="110.4459783">
        <ele>113.59</ele>
        <time>2025-12-27T02:45:26Z</time>
        <speed>0.40199804</speed>
      </trkpt>
      <trkpt lat="24.9820024" lon="110.4460446">
        <ele>113.03</ele>
        <time>2025-12-27T02:45:38Z</time>
        <speed>0.5208989</speed>
      </trkpt>
      <trkpt lat="24.9819683" lon="110.4461283">
        <ele>113.49</ele>
        <time>2025-12-27T02:46:38Z</time>
        <speed>0.7571564</speed>
      </trkpt>
      <trkpt lat="24.9818933" lon="110.4462033">
        <ele>116.29</ele>
        <time>2025-12-27T02:46:48Z</time>
        <speed>0.99701697</speed>
      </trkpt>
      <trkpt lat="24.9818183" lon="110.4462685">
        <ele>117.97</ele>
        <time>2025-12-27T02:46:58Z</time>
        <speed>0.98569304</speed>
      </trkpt>
      <trkpt lat="24.9817279" lon="110.4463023">
        <ele>118.93</ele>
        <time>2025-12-27T02:47:08Z</time>
        <speed>1.0443714</speed>
      </trkpt>
      <trkpt lat="24.9816778" lon="110.4463764">
        <ele>119.09</ele>
        <time>2025-12-27T02:47:16Z</time>
        <speed>1.1879789</speed>
      </trkpt>
      <trkpt lat="24.9816614" lon="110.4464723">
        <ele>119.57</ele>
        <time>2025-12-27T02:47:28Z</time>
        <speed>0.7736275</speed>
      </trkpt>
      <trkpt lat="24.9816395" lon="110.4465789">
        <ele>120.74</ele>
        <time>2025-12-27T02:47:40Z</time>
        <speed>1.0232677</speed>
      </trkpt>
      <trkpt lat="24.981574" lon="110.4466601">
        <ele>122.36</ele>
        <time>2025-12-27T02:47:50Z</time>
        <speed>1.2270977</speed>
      </trkpt>
      <trkpt lat="24.9815477" lon="110.4466703">
        <ele>123.11</ele>
        <time>2025-12-27T02:47:58Z</time>
        <speed>0.0</speed>
      </trkpt>
      <trkpt lat="24.9814917" lon="110.4465667">
        <ele>123.23</ele>
        <time>2025-12-27T02:50:02Z</time>
        <speed>1.00062</speed>
      </trkpt>
      <trkpt lat="24.9813983" lon="110.4465867">
        <ele>121.46</ele>
        <time>2025-12-27T02:50:12Z</time>
        <speed>0.9965022</speed>
      </trkpt>
      <trkpt lat="24.9812979" lon="110.4466024">
        <ele>120.23</ele>
        <time>2025-12-27T02:50:22Z</time>
        <speed>1.0567247</speed>
      </trkpt>
      <trkpt lat="24.981204" lon="110.4466303">
        <ele>119.61</ele>
        <time>2025-12-27T02:50:32Z</time>
        <speed>1.0258414</speed>
      </trkpt>
      <trkpt lat="24.9811096" lon="110.4466607">
        <ele>119.31</ele>
        <time>2025-12-27T02:50:42Z</time>
        <speed>0.98929614</speed>
      </trkpt>
      <trkpt lat="24.9810049" lon="110.4466679">
        <ele>119.6</ele>
        <time>2025-12-27T02:50:52Z</time>
        <speed>1.1684195</speed>
      </trkpt>
      <trkpt lat="24.9809138" lon="110.4466926">
        <ele>121.32</ele>
        <time>2025-12-27T02:51:02Z</time>
        <speed>0.98414886</speed>
      </trkpt>
      <trkpt lat="24.9808233" lon="110.4467208">
        <ele>123.08</ele>
        <time>2025-12-27T02:51:18Z</time>
        <speed>0.59913665</speed>
      </trkpt>
      <trkpt lat="24.9807263" lon="110.4467688">
        <ele>124.08</ele>
        <time>2025-12-27T02:51:48Z</time>
        <speed>0.69384557</speed>
      </trkpt>
      <trkpt lat="24.980619" lon="110.4467998">
        <ele>123.7</ele>
        <time>2025-12-27T02:51:58Z</time>
        <speed>1.1946703</speed>
      </trkpt>
      <trkpt lat="24.9805183" lon="110.4468233">
        <ele>122.71</ele>
        <time>2025-12-27T02:52:08Z</time>
        <speed>0.95326555</speed>
      </trkpt>
      <trkpt lat="24.9804269" lon="110.4468442">
        <ele>121.97</ele>
        <time>2025-12-27T02:52:16Z</time>
        <speed>1.0958436</speed>
      </trkpt>
      <trkpt lat="24.9803326" lon="110.4468698">
        <ele>121.17</ele>
        <time>2025-12-27T02:52:26Z</time>
        <speed>1.1318742</speed>
      </trkpt>
      <trkpt lat="24.9802418" lon="110.4469176">
        <ele>120.41</ele>
        <time>2025-12-27T02:52:36Z</time>
        <speed>0.89149886</speed>
      </trkpt>
      <trkpt lat="24.9801484" lon="110.4469721">
        <ele>120.4</ele>
        <time>2025-12-27T02:52:48Z</time>
        <speed>0.87708664</speed>
      </trkpt>
      <trkpt lat="24.9800437" lon="110.4470017">
        <ele>120.45</ele>
        <time>2025-12-27T02:52:58Z</time>
        <speed>1.0572394</speed>
      </trkpt>
      <trkpt lat="24.9799463" lon="110.4470285">
        <ele>120.3</ele>
        <time>2025-12-27T02:53:06Z</time>
        <speed>1.0263561</speed>
      </trkpt>
      <trkpt lat="24.9798521" lon="110.4470628">
        <ele>120.3</ele>
        <time>2025-12-27T02:53:16Z</time>
        <speed>0.9980464</speed>
      </trkpt>
      <trkpt lat="24.9797665" lon="110.4471015">
        <ele>120.21</ele>
        <time>2025-12-27T02:53:24Z</time>
        <speed>1.0629014</speed>
      </trkpt>
      <trkpt lat="24.9796863" lon="110.4471469">
        <ele>119.99</ele>
        <time>2025-12-27T02:53:36Z</time>
        <speed>0.7741422</speed>
      </trkpt>
      <trkpt lat="24.9795988" lon="110.447183">
        <ele>119.69</ele>
        <time>2025-12-27T02:53:48Z</time>
        <speed>0.8173789</speed>
      </trkpt>
      <trkpt lat="24.979508" lon="110.4472241">
        <ele>119.44</ele>
        <time>2025-12-27T02:54:00Z</time>
        <speed>0.9995906</speed>
      </trkpt>
      <trkpt lat="24.9794136" lon="110.4472659">
        <ele>119.47</ele>
        <time>2025-12-27T02:54:12Z</time>
        <speed>0.8971608</speed>
      </trkpt>
      <trkpt lat="24.9793193" lon="110.4473167">
        <ele>119.35</ele>
        <time>2025-12-27T02:54:34Z</time>
        <speed>0.61097527</speed>
      </trkpt>
      <trkpt lat="24.9792304" lon="110.4473768">
        <ele>119.07</ele>
        <time>2025-12-27T02:54:44Z</time>
        <speed>1.0670192</speed>
      </trkpt>
      <trkpt lat="24.9791424" lon="110.447436">
        <ele>119.34</ele>
        <time>2025-12-27T02:54:56Z</time>
        <speed>1.1339331</speed>
      </trkpt>
      <trkpt lat="24.9790532" lon="110.4474854">
        <ele>119.41</ele>
        <time>2025-12-27T02:55:04Z</time>
        <speed>1.4072505</speed>
      </trkpt>
      <trkpt lat="24.9790035" lon="110.4475145">
        <ele>119.41</ele>
        <time>2025-12-27T02:55:12Z</time>
        <speed>0.0</speed>
      </trkpt>
      <trkpt lat="24.9789307" lon="110.4475427">
        <ele>118.93</ele>
        <time>2025-12-27T02:55:40Z</time>
        <speed>0.75973</speed>
      </trkpt>
      <trkpt lat="24.9788372" lon="110.4475833">
        <ele>118.44</ele>
        <time>2025-12-27T02:55:50Z</time>
        <speed>1.0680486</speed>
      </trkpt>
      <trkpt lat="24.9787476" lon="110.4476215">
        <ele>118.55</ele>
        <time>2025-12-27T02:55:58Z</time>
        <speed>1.1653311</speed>
      </trkpt>
      <trkpt lat="24.9786643" lon="110.4476661">
        <ele>118.7</ele>
        <time>2025-12-27T02:56:06Z</time>
        <speed>1.2301861</speed>
      </trkpt>
      <trkpt lat="24.9785687" lon="110.4477206">
        <ele>118.83</ele>
        <time>2025-12-27T02:56:16Z</time>
        <speed>1.2590106</speed>
      </trkpt>
      <trkpt lat="24.9784697" lon="110.447777">
        <ele>118.82</ele>
        <time>2025-12-27T02:56:26Z</time>
        <speed>1.1627575</speed>
      </trkpt>
      <trkpt lat="24.9783752" lon="110.4478372">
        <ele>118.81</ele>
        <time>2025-12-27T02:56:36Z</time>
        <speed>1.0464302</speed>
      </trkpt>
      <trkpt lat="24.9782965" lon="110.4478995">
        <ele>119.19</ele>
        <time>2025-12-27T02:56:46Z</time>
        <speed>1.0037084</speed>
      </trkpt>
      <trkpt lat="24.9782086" lon="110.4479583">
        <ele>119.24</ele>
        <time>2025-12-27T02:56:56Z</time>
        <speed>1.1900377</speed>
      </trkpt>
      <trkpt lat="24.9781228" lon="110.4480105">
        <ele>119.65</ele>
        <time>2025-12-27T02:57:08Z</time>
        <speed>0.93010306</speed>
      </trkpt>
      <trkpt lat="24.9780478" lon="110.4480741">
        <ele>120.66</ele>
        <time>2025-12-27T02:57:18Z</time>
        <speed>0.99753165</speed>
      </trkpt>
      <trkpt lat="24.9779629" lon="110.4481346">
        <ele>121.67</ele>
        <time>2025-12-27T02:57:26Z</time>
        <speed>1.0855491</speed>
      </trkpt>
      <trkpt lat="24.9778787" lon="110.4481974">
        <ele>122.97</ele>
        <time>2025-12-27T02:57:36Z</time>
        <speed>0.8209819</speed>
      </trkpt>
      <trkpt lat="24.9777926" lon="110.4482334">
        <ele>123.59</ele>
        <time>2025-12-27T02:58:04Z</time>
        <speed>0.4056011</speed>
      </trkpt>
      <trkpt lat="24.9777107" lon="110.4482844">
        <ele>123.89</ele>
        <time>2025-12-27T02:58:16Z</time>
        <speed>0.7056842</speed>
      </trkpt>
      <trkpt lat="24.9776318" lon="110.4483374">
        <ele>123.81</ele>
        <time>2025-12-27T02:58:26Z</time>
        <speed>0.8333353</speed>
      </trkpt>
      <trkpt lat="24.9775414" lon="110.448396">
        <ele>123.93</ele>
        <time>2025-12-27T02:58:36Z</time>
        <speed>1.0392241</speed>
      </trkpt>
      <trkpt lat="24.9774577" lon="110.4484627">
        <ele>124.44</ele>
        <time>2025-12-27T02:58:44Z</time>
        <speed>1.2641578</speed>
      </trkpt>
      <trkpt lat="24.9773695" lon="110.4485145">
        <ele>125.54</ele>
        <time>2025-12-27T02:58:52Z</time>
        <speed>1.2873203</speed>
      </trkpt>
      <trkpt lat="24.9772833" lon="110.4485539">
        <ele>126.08</ele>
        <time>2025-12-27T02:59:00Z</time>
        <speed>1.2296714</speed>
      </trkpt>
      <trkpt lat="24.977203" lon="110.4486018">
        <ele>125.79</ele>
        <time>2025-12-27T02:59:08Z</time>
        <speed>1.2188622</speed>
      </trkpt>
      <trkpt lat="24.9771186" lon="110.4486625">
        <ele>125.66</ele>
        <time>2025-12-27T02:59:18Z</time>
        <speed>1.1385655</speed>
      </trkpt>
      <trkpt lat="24.9770262" lon="110.4486903">
        <ele>125.72</ele>
        <time>2025-12-27T02:59:26Z</time>
        <speed>1.3022472</speed>
      </trkpt>
      <trkpt lat="24.9769295" lon="110.4487243">
        <ele>124.9</ele>
        <time>2025-12-27T02:59:36Z</time>
        <speed>1.1818023</speed>
      </trkpt>
      <trkpt lat="24.9768331" lon="110.4487744">
        <ele>124.3</ele>
        <time>2025-12-27T02:59:48Z</time>
        <speed>1.0798873</speed>
      </trkpt>
      <trkpt lat="24.976741" lon="110.4488295">
        <ele>123.52</ele>
        <time>2025-12-27T02:59:58Z</time>
        <speed>1.0536364</speed>
      </trkpt>
      <trkpt lat="24.976647" lon="110.4488872">
        <ele>123.99</ele>
        <time>2025-12-27T03:00:06Z</time>
        <speed>1.31563</speed>
      </trkpt>
      <trkpt lat="24.9765721" lon="110.4489714">
        <ele>124.68</ele>
        <time>2025-12-27T03:00:14Z</time>
        <speed>1.4340161</speed>
      </trkpt>
      <trkpt lat="24.9764793" lon="110.449026">
        <ele>125.21</ele>
        <time>2025-12-27T03:00:24Z</time>
        <speed>1.1102558</speed>
      </trkpt>
      <trkpt lat="24.9763902" lon="110.4490819">
        <ele>126.02</ele>
        <time>2025-12-27T03:00:34Z</time>
        <speed>1.0315033</speed>
      </trkpt>
      <trkpt lat="24.9762941" lon="110.4491352">
        <ele>126.53</ele>
        <time>2025-12-27T03:00:44Z</time>
        <speed>1.2971</speed>
      </trkpt>
      <trkpt lat="24.9762105" lon="110.4491904">
        <ele>127.16</ele>
        <time>2025-12-27T03:00:52Z</time>
        <speed>1.3058503</speed>
      </trkpt>
      <trkpt lat="24.9761431" lon="110.4492628">
        <ele>127.44</ele>
        <time>2025-12-27T03:01:00Z</time>
        <speed>1.1498895</speed>
      </trkpt>
      <trkpt lat="24.9760662" lon="110.4493341">
        <ele>127.33</ele>
        <time>2025-12-27T03:01:10Z</time>
        <speed>1.1864347</speed>
      </trkpt>
      <trkpt lat="24.9759859" lon="110.4493866">
        <ele>127.15</ele>
        <time>2025-12-27T03:01:18Z</time>
        <speed>1.2775406</speed>
      </trkpt>
      <trkpt lat="24.975893" lon="110.4494442">
        <ele>126.78</ele>
        <time>2025-12-27T03:01:28Z</time>
        <speed>1.2291566</speed>
      </trkpt>
      <trkpt lat="24.9758094" lon="110.4495083">
        <ele>126.15</ele>
        <time>2025-12-27T03:01:38Z</time>
        <speed>1.1807728</speed>
      </trkpt>
      <trkpt lat="24.9757274" lon="110.44958">
        <ele>125.31</ele>
        <time>2025-12-27T03:01:48Z</time>
        <speed>1.1905525</speed>
      </trkpt>
      <trkpt lat="24.9756573" lon="110.4496578">
        <ele>124.49</ele>
        <time>2025-12-27T03:01:58Z</time>
        <speed>1.0958436</speed>
      </trkpt>
      <trkpt lat="24.9756364" lon="110.4497674">
        <ele>124.02</ele>
        <time>2025-12-27T03:02:10Z</time>
        <speed>1.0397389</speed>
      </trkpt>
      <trkpt lat="24.9756515" lon="110.4498379">
        <ele>123.93</ele>
        <time>2025-12-27T03:02:24Z</time>
        <speed>0.0</speed>
      </trkpt>
      <trkpt lat="24.9756079" lon="110.4499096">
        <ele>123.7</ele>
        <time>2025-12-27T03:02:36Z</time>
        <speed>1.0670192</speed>
      </trkpt>
      <trkpt lat="24.9755291" lon="110.4499051">
        <ele>123.96</ele>
        <time>2025-12-27T03:02:48Z</time>
        <speed>0.83539414</speed>
      </trkpt>
      <trkpt lat="24.9754301" lon="110.4498858">
        <ele>123.76</ele>
        <time>2025-12-27T03:02:56Z</time>
        <speed>1.3423955</speed>
      </trkpt>
      <trkpt lat="24.9753238" lon="110.4499018">
        <ele>123.13</ele>
        <time>2025-12-27T03:03:04Z</time>
        <speed>1.4695319</speed>
      </trkpt>
      <trkpt lat="24.9752298" lon="110.4499451">
        <ele>122.17</ele>
        <time>2025-12-27T03:03:12Z</time>
        <speed>1.2965853</speed>
      </trkpt>
      <trkpt lat="24.9751408" lon="110.4500082">
        <ele>121.67</ele>
        <time>2025-12-27T03:03:22Z</time>
        <speed>1.1550367</speed>
      </trkpt>
      <trkpt lat="24.9750551" lon="110.4500581">
        <ele>121.64</ele>
        <time>2025-12-27T03:03:34Z</time>
        <speed>0.6320789</speed>
      </trkpt>
      <trkpt lat="24.9749805" lon="110.4501288">
        <ele>121.36</ele>
        <time>2025-12-27T03:03:44Z</time>
        <speed>1.0330476</speed>
      </trkpt>
      <trkpt lat="24.9749097" lon="110.4502093">
        <ele>121.25</ele>
        <time>2025-12-27T03:03:54Z</time>
        <speed>0.99186975</speed>
      </trkpt>
      <trkpt lat="24.9748433" lon="110.4502832">
        <ele>121.01</ele>
        <time>2025-12-27T03:04:04Z</time>
        <speed>0.8693658</speed>
      </trkpt>
      <trkpt lat="24.9747704" lon="110.4503561">
        <ele>121.18</ele>
        <time>2025-12-27T03:04:12Z</time>
        <speed>1.3161447</speed>
      </trkpt>
      <trkpt lat="24.9746895" lon="110.4504333">
        <ele>121.92</ele>
        <time>2025-12-27T03:04:22Z</time>
        <speed>1.1884936</speed>
      </trkpt>
      <trkpt lat="24.9746158" lon="110.4505107">
        <ele>122.47</ele>
        <time>2025-12-27T03:04:32Z</time>
        <speed>1.0737106</speed>
      </trkpt>
      <trkpt lat="24.9745564" lon="110.4505904">
        <ele>122.91</ele>
        <time>2025-12-27T03:04:40Z</time>
        <speed>1.0603278</speed>
      </trkpt>
      <trkpt lat="24.9745097" lon="110.450682">
        <ele>122.99</ele>
        <time>2025-12-27T03:04:48Z</time>
        <speed>1.2533486</speed>
      </trkpt>
      <trkpt lat="24.9744404" lon="110.4507653">
        <ele>122.31</ele>
        <time>2025-12-27T03:04:58Z</time>
        <speed>1.2569517</speed>
      </trkpt>
      <trkpt lat="24.9743543" lon="110.450826">
        <ele>121.32</ele>
        <time>2025-12-27T03:05:08Z</time>
        <speed>1.2219505</speed>
      </trkpt>
      <trkpt lat="24.9742751" lon="110.450896">
        <ele>120.28</ele>
        <time>2025-12-27T03:05:18Z</time>
        <speed>1.1406244</speed>
      </trkpt>
      <trkpt lat="24.9741934" lon="110.4509481">
        <ele>119.47</ele>
        <time>2025-12-27T03:05:26Z</time>
        <speed>1.2142297</speed>
      </trkpt>
      <trkpt lat="24.9741174" lon="110.4510139">
        <ele>119.18</ele>
        <time>2025-12-27T03:05:34Z</time>
        <speed>1.3094534</speed>
      </trkpt>
      <trkpt lat="24.9740625" lon="110.4510945">
        <ele>119.62</ele>
        <time>2025-12-27T03:05:46Z</time>
        <speed>0.7633331</speed>
      </trkpt>
      <trkpt lat="24.9739939" lon="110.4511691">
        <ele>120.34</ele>
        <time>2025-12-27T03:05:58Z</time>
        <speed>1.0459156</speed>
      </trkpt>
      <trkpt lat="24.9739416" lon="110.4512518">
        <ele>120.45</ele>
        <time>2025-12-27T03:06:08Z</time>
        <speed>1.0073113</speed>
      </trkpt>
      <trkpt lat="24.9739203" lon="110.4513574">
        <ele>120.69</ele>
        <time>2025-12-27T03:06:16Z</time>
        <speed>1.18592</speed>
      </trkpt>
      <trkpt lat="24.9738996" lon="110.4514671">
        <ele>121.3</ele>
        <time>2025-12-27T03:06:24Z</time>
        <speed>1.0258414</speed>
      </trkpt>
      <trkpt lat="24.9738594" lon="110.4515767">
        <ele>122.16</ele>
        <time>2025-12-27T03:06:34Z</time>
        <speed>1.1529778</speed>
      </trkpt>
      <trkpt lat="24.9737758" lon="110.4516464">
        <ele>123.17</ele>
        <time>2025-12-27T03:06:46Z</time>
        <speed>1.0253266</speed>
      </trkpt>
      <trkpt lat="24.9736668" lon="110.4516673">
        <ele>123.48</ele>
        <time>2025-12-27T03:06:56Z</time>
        <speed>1.1061381</speed>
      </trkpt>
      <trkpt lat="24.9735574" lon="110.4516483">
        <ele>123.49</ele>
        <time>2025-12-27T03:07:06Z</time>
        <speed>1.1349626</speed>
      </trkpt>
      <trkpt lat="24.9734619" lon="110.4516561">
        <ele>122.85</ele>
        <time>2025-12-27T03:07:16Z</time>
        <speed>0.9295883</speed>
      </trkpt>
      <trkpt lat="24.9733767" lon="110.4517091">
        <ele>121.41</ele>
        <time>2025-12-27T03:07:26Z</time>
        <speed>1.0912111</speed>
      </trkpt>
      <trkpt lat="24.9733141" lon="110.4517981">
        <ele>121.19</ele>
        <time>2025-12-27T03:07:36Z</time>
        <speed>1.0423125</speed>
      </trkpt>
      <trkpt lat="24.9732379" lon="110.4518681">
        <ele>121.8</ele>
        <time>2025-12-27T03:07:46Z</time>
        <speed>0.9846636</speed>
      </trkpt>
      <trkpt lat="24.9731503" lon="110.4519381">
        <ele>121.84</ele>
        <time>2025-12-27T03:07:58Z</time>
        <speed>0.84054136</speed>
      </trkpt>
      <trkpt lat="24.9730809" lon="110.4520113">
        <ele>121.65</ele>
        <time>2025-12-27T03:08:06Z</time>
        <speed>1.1226091</speed>
      </trkpt>
      <trkpt lat="24.9730601" lon="110.4521053">
        <ele>122.02</ele>
        <time>2025-12-27T03:08:16Z</time>
        <speed>0.87708664</speed>
      </trkpt>
      <trkpt lat="24.9729862" lon="110.4521578">
        <ele>122.65</ele>
        <time>2025-12-27T03:09:02Z</time>
        <speed>1.5426224</speed>
      </trkpt>
      <trkpt lat="24.9728912" lon="110.4522226">
        <ele>123.15</ele>
        <time>2025-12-27T03:09:12Z</time>
        <speed>1.2765111</speed>
      </trkpt>
      <trkpt lat="24.9728035" lon="110.4523023">
        <ele>124.93</ele>
        <time>2025-12-27T03:09:20Z</time>
        <speed>1.4854883</speed>
      </trkpt>
      <trkpt lat="24.9727329" lon="110.45239">
        <ele>126.34</ele>
        <time>2025-12-27T03:09:28Z</time>
        <speed>1.3871764</speed>
      </trkpt>
      <trkpt lat="24.9726803" lon="110.4524837">
        <ele>126.88</ele>
        <time>2025-12-27T03:09:36Z</time>
        <speed>1.1385655</speed>
      </trkpt>
      <trkpt lat="24.9726726" lon="110.4525124">
        <ele>125.86</ele>
        <time>2025-12-27T03:09:40Z</time>
        <speed>0.0</speed>
      </trkpt>
      <trkpt lat="24.9726411" lon="110.4525817">
        <ele>124.54</ele>
        <time>2025-12-27T03:09:56Z</time>
        <speed>1.217318</speed>
      </trkpt>
      <trkpt lat="24.9725689" lon="110.4526514">
        <ele>123.02</ele>
        <time>2025-12-27T03:10:10Z</time>
        <speed>0.73862636</speed>
      </trkpt>
      <trkpt lat="24.9724828" lon="110.4527133">
        <ele>122.02</ele>
        <time>2025-12-27T03:10:18Z</time>
        <speed>1.1313595</speed>
      </trkpt>
      <trkpt lat="24.9724036" lon="110.4527757">
        <ele>121.97</ele>
        <time>2025-12-27T03:10:28Z</time>
        <speed>0.96510416</speed>
      </trkpt>
      <trkpt lat="24.9723213" lon="110.4528385">
        <ele>121.85</ele>
        <time>2025-12-27T03:10:38Z</time>
        <speed>0.8961314</speed>
      </trkpt>
      <trkpt lat="24.9722384" lon="110.4528967">
        <ele>121.49</ele>
        <time>2025-12-27T03:10:48Z</time>
        <speed>1.0150322</speed>
      </trkpt>
      <trkpt lat="24.9721684" lon="110.4529656">
        <ele>121.28</ele>
        <time>2025-12-27T03:10:56Z</time>
        <speed>1.1648164</speed>
      </trkpt>
      <trkpt lat="24.972082" lon="110.4530363">
        <ele>120.64</ele>
        <time>2025-12-27T03:11:06Z</time>
        <speed>1.1241534</speed>
      </trkpt>
      <trkpt lat="24.9720029" lon="110.4531009">
        <ele>120.32</ele>
        <time>2025-12-27T03:11:16Z</time>
        <speed>0.90797</speed>
      </trkpt>
      <trkpt lat="24.9719258" lon="110.4531831">
        <ele>120.1</ele>
        <time>2025-12-27T03:11:26Z</time>
        <speed>1.0999614</speed>
      </trkpt>
      <trkpt lat="24.9718468" lon="110.4532629">
        <ele>120.18</ele>
        <time>2025-12-27T03:11:36Z</time>
        <speed>1.0315033</speed>
      </trkpt>
      <trkpt lat="24.971772" lon="110.4533474">
        <ele>120.45</ele>
        <time>2025-12-27T03:11:46Z</time>
        <speed>0.9867225</speed>
      </trkpt>
      <trkpt lat="24.9716863" lon="110.4534207">
        <ele>120.17</ele>
        <time>2025-12-27T03:11:56Z</time>
        <speed>1.1107706</speed>
      </trkpt>
      <trkpt lat="24.9716063" lon="110.4535019">
        <ele>119.71</ele>
        <time>2025-12-27T03:12:06Z</time>
        <speed>1.0798873</speed>
      </trkpt>
      <trkpt lat="24.9715277" lon="110.4535865">
        <ele>119.4</ele>
        <time>2025-12-27T03:12:16Z</time>
        <speed>1.1694489</speed>
      </trkpt>
      <trkpt lat="24.9714545" lon="110.4536532">
        <ele>118.67</ele>
        <time>2025-12-27T03:12:24Z</time>
        <speed>1.1164325</speed>
      </trkpt>
      <trkpt lat="24.9713795" lon="110.4537195">
        <ele>117.95</ele>
        <time>2025-12-27T03:12:36Z</time>
        <speed>0.58163613</speed>
      </trkpt>
      <trkpt lat="24.9713034" lon="110.4537875">
        <ele>116.85</ele>
        <time>2025-12-27T03:12:44Z</time>
        <speed>1.0057672</speed>
      </trkpt>
      <trkpt lat="24.9712093" lon="110.4538467">
        <ele>116.01</ele>
        <time>2025-12-27T03:12:54Z</time>
        <speed>1.0726811</speed>
      </trkpt>
      <trkpt lat="24.9711375" lon="110.4539204">
        <ele>115.75</ele>
        <time>2025-12-27T03:13:02Z</time>
        <speed>1.1385655</speed>
      </trkpt>
      <trkpt lat="24.9710685" lon="110.4540073">
        <ele>115.9</ele>
        <time>2025-12-27T03:13:14Z</time>
        <speed>1.121065</speed>
      </trkpt>
      <trkpt lat="24.9709974" lon="110.4540837">
        <ele>116.67</ele>
        <time>2025-12-27T03:13:22Z</time>
        <speed>1.3048208</speed>
      </trkpt>
      <trkpt lat="24.9709249" lon="110.4541639">
        <ele>116.77</ele>
        <time>2025-12-27T03:13:30Z</time>
        <speed>1.3516606</speed>
      </trkpt>
      <trkpt lat="24.9708619" lon="110.4542544">
        <ele>116.31</ele>
        <time>2025-12-27T03:13:38Z</time>
        <speed>1.3717347</speed>
      </trkpt>
      <trkpt lat="24.970806" lon="110.4543521">
        <ele>115.83</ele>
        <time>2025-12-27T03:13:48Z</time>
        <speed>1.2023911</speed>
      </trkpt>
      <trkpt lat="24.9707384" lon="110.4544219">
        <ele>115.35</ele>
        <time>2025-12-27T03:13:58Z</time>
        <speed>1.0567247</speed>
      </trkpt>
      <trkpt lat="24.970741" lon="110.4543454">
        <ele>114.72</ele>
        <time>2025-12-27T03:14:14Z</time>
        <speed>1.0613573</speed>
      </trkpt>
      <trkpt lat="24.9707783" lon="110.4542391">
        <ele>113.04</ele>
        <time>2025-12-27T03:14:24Z</time>
        <speed>1.0037084</speed>
      </trkpt>
      <trkpt lat="24.9708334" lon="110.4541194">
        <ele>111.3</ele>
        <time>2025-12-27T03:14:32Z</time>
        <speed>1.154522</speed>
      </trkpt>
      <trkpt lat="24.9708548" lon="110.4540484">
        <ele>110.53</ele>
        <time>2025-12-27T03:14:44Z</time>
        <speed>0.0</speed>
      </trkpt>
      <trkpt lat="24.9707883" lon="110.453975">
        <ele>110.39</ele>
        <time>2025-12-27T03:16:26Z</time>
        <speed>0.0</speed>
      </trkpt>
      <trkpt lat="24.9707083" lon="110.4538833">
        <ele>107.81</ele>
        <time>2025-12-27T03:17:42Z</time>
        <speed>0.27486166</speed>
      </trkpt>
      <trkpt lat="24.9706567" lon="110.4537983">
        <ele>105.14</ele>
        <time>2025-12-27T03:18:08Z</time>
        <speed>0.8009078</speed>
      </trkpt>
      <trkpt lat="24.9705994" lon="110.4537006">
        <ele>103.87</ele>
        <time>2025-12-27T03:18:18Z</time>
        <speed>0.0</speed>
      </trkpt>
      <trkpt lat="24.9705269" lon="110.4536161">
        <ele>103.07</ele>
        <time>2025-12-27T03:18:26Z</time>
        <speed>1.4824</speed>
      </trkpt>
      <trkpt lat="24.9704723" lon="110.4535633">
        <ele>102.52</ele>
        <time>2025-12-27T03:18:30Z</time>
        <speed>0.0</speed>
      </trkpt>
      <trkpt lat="24.9703795" lon="110.4535103">
        <ele>102.17</ele>
        <time>2025-12-27T03:18:38Z</time>
        <speed>0.0</speed>
      </trkpt>
      <trkpt lat="24.9702761" lon="110.4534693">
        <ele>102.23</ele>
        <time>2025-12-27T03:18:44Z</time>
        <speed>1.8895453</speed>
      </trkpt>
      <trkpt lat="24.9701719" lon="110.4534467">
        <ele>102.34</ele>
        <time>2025-12-27T03:18:50Z</time>
        <speed>1.8576325</speed>
      </trkpt>
      <trkpt lat="24.9700653" lon="110.4534145">
        <ele>102.45</ele>
        <time>2025-12-27T03:18:56Z</time>
        <speed>1.9904308</speed>
      </trkpt>
      <trkpt lat="24.9699674" lon="110.4533835">
        <ele>102.65</ele>
        <time>2025-12-27T03:19:02Z</time>
        <speed>1.8210872</speed>
      </trkpt>
      <trkpt lat="24.9699221" lon="110.4533638">
        <ele>103.27</ele>
        <time>2025-12-27T03:19:04Z</time>
        <speed>0.0</speed>
      </trkpt>
      <trkpt lat="24.9698545" lon="110.4533254">
        <ele>103.76</ele>
        <time>2025-12-27T03:19:14Z</time>
        <speed>0.0</speed>
      </trkpt>
      <trkpt lat="24.9697884" lon="110.4532557">
        <ele>104.08</ele>
        <time>2025-12-27T03:19:28Z</time>
        <speed>0.0</speed>
      </trkpt>
      <trkpt lat="24.9697512" lon="110.4531576">
        <ele>104.22</ele>
        <time>2025-12-27T03:19:44Z</time>
        <speed>0.6274464</speed>
      </trkpt>
      <trkpt lat="24.9697557" lon="110.4530475">
        <ele>104.47</ele>
        <time>2025-12-27T03:20:06Z</time>
        <speed>0.0</speed>
      </trkpt>
      <trkpt lat="24.9697962" lon="110.452943">
        <ele>104.91</ele>
        <time>2025-12-27T03:21:04Z</time>
        <speed>0.2522139</speed>
      </trkpt>
      <trkpt lat="24.9697627" lon="110.4528415">
        <ele>105.77</ele>
        <time>2025-12-27T03:21:36Z</time>
        <speed>0.24758139</speed>
      </trkpt>
      <trkpt lat="24.9697086" lon="110.4527531">
        <ele>108.41</ele>
        <time>2025-12-27T03:22:20Z</time>
        <speed>0.24037528</speed>
      </trkpt>
      <trkpt lat="24.969639" lon="110.4526573">
        <ele>109.91</ele>
        <time>2025-12-27T03:22:44Z</time>
        <speed>0.58729804</speed>
      </trkpt>
      <trkpt lat="24.9695622" lon="110.4525656">
        <ele>111.45</ele>
        <time>2025-12-27T03:22:54Z</time>
        <speed>0.9980464</speed>
      </trkpt>
      <trkpt lat="24.9694924" lon="110.4524806">
        <ele>113.32</ele>
        <time>2025-12-27T03:23:04Z</time>
        <speed>0.9378239</speed>
      </trkpt>
      <trkpt lat="24.9694329" lon="110.4523915">
        <ele>115.08</ele>
        <time>2025-12-27T03:23:12Z</time>
        <speed>1.2090825</speed>
      </trkpt>
      <trkpt lat="24.9693813" lon="110.4522981">
        <ele>116.12</ele>
        <time>2025-12-27T03:23:22Z</time>
        <speed>1.0212089</speed>
      </trkpt>
      <trkpt lat="24.9693247" lon="110.4522004">
        <ele>116.67</ele>
        <time>2025-12-27T03:23:32Z</time>
        <speed>1.1030498</speed>
      </trkpt>
      <trkpt lat="24.9692706" lon="110.4521015">
        <ele>116.3</ele>
        <time>2025-12-27T03:23:42Z</time>
        <speed>1.1256975</speed>
      </trkpt>
      <trkpt lat="24.9692087" lon="110.4520025">
        <ele>115.82</ele>
        <time>2025-12-27T03:23:52Z</time>
        <speed>1.18592</speed>
      </trkpt>
      <trkpt lat="24.9691488" lon="110.4519037">
        <ele>115.6</ele>
        <time>2025-12-27T03:24:02Z</time>
        <speed>1.2029058</speed>
      </trkpt>
      <trkpt lat="24.9690861" lon="110.4518051">
        <ele>115.47</ele>
        <time>2025-12-27T03:24:12Z</time>
        <speed>1.1771697</speed>
      </trkpt>
      <trkpt lat="24.9690238" lon="110.4517255">
        <ele>115.35</ele>
        <time>2025-12-27T03:24:30Z</time>
        <speed>0.47148556</speed>
      </trkpt>
      <trkpt lat="24.9689317" lon="110.4516933">
        <ele>115.16</ele>
        <time>2025-12-27T03:25:52Z</time>
        <speed>0.36802638</speed>
      </trkpt>
      <trkpt lat="24.9688333" lon="110.4517">
        <ele>114.06</ele>
        <time>2025-12-27T03:26:08Z</time>
        <speed>0.74222946</speed>
      </trkpt>
      <trkpt lat="24.9687421" lon="110.4517081">
        <ele>113.77</ele>
        <time>2025-12-27T03:26:26Z</time>
        <speed>0.30162722</speed>
      </trkpt>
      <trkpt lat="24.968661" lon="110.4517601">
        <ele>114.26</ele>
        <time>2025-12-27T03:26:38Z</time>
        <speed>0.7473767</speed>
      </trkpt>
      <trkpt lat="24.9685933" lon="110.4518423">
        <ele>115.87</ele>
        <time>2025-12-27T03:26:50Z</time>
        <speed>0.9548097</speed>
      </trkpt>
      <trkpt lat="24.9685161" lon="110.4519276">
        <ele>118.63</ele>
        <time>2025-12-27T03:27:02Z</time>
        <speed>1.009885</speed>
      </trkpt>
      <trkpt lat="24.968432" lon="110.4519727">
        <ele>120.34</ele>
        <time>2025-12-27T03:27:10Z</time>
        <speed>1.1442275</speed>
      </trkpt>
      <trkpt lat="24.9683365" lon="110.4519987">
        <ele>121.14</ele>
        <time>2025-12-27T03:27:20Z</time>
        <speed>1.1118</speed>
      </trkpt>
      <trkpt lat="24.9682384" lon="110.4520053">
        <ele>121.9</ele>
        <time>2025-12-27T03:27:30Z</time>
        <speed>1.2270977</speed>
      </trkpt>
      <trkpt lat="24.9681465" lon="110.452024">
        <ele>123.49</ele>
        <time>2025-12-27T03:27:40Z</time>
        <speed>1.1370214</speed>
      </trkpt>
      <trkpt lat="24.9680585" lon="110.4520679">
        <ele>124.4</ele>
        <time>2025-12-27T03:27:50Z</time>
        <speed>1.1118</speed>
      </trkpt>
      <trkpt lat="24.9679658" lon="110.4521239">
        <ele>124.53</ele>
        <time>2025-12-27T03:28:02Z</time>
        <speed>1.0850345</speed>
      </trkpt>
      <trkpt lat="24.9678598" lon="110.4521669">
        <ele>124.04</ele>
        <time>2025-12-27T03:28:12Z</time>
        <speed>1.2307009</speed>
      </trkpt>
      <trkpt lat="24.9677579" lon="110.4522188">
        <ele>123.98</ele>
        <time>2025-12-27T03:28:24Z</time>
        <speed>1.0052525</speed>
      </trkpt>
      <trkpt lat="24.9676707" lon="110.4522853">
        <ele>125.02</ele>
        <time>2025-12-27T03:28:34Z</time>
        <speed>0.991355</speed>
      </trkpt>
      <trkpt lat="24.967583" lon="110.4523379">
        <ele>125.83</ele>
        <time>2025-12-27T03:28:46Z</time>
        <speed>0.93319136</speed>
      </trkpt>
      <trkpt lat="24.9674867" lon="110.4523768">
        <ele>126.12</ele>
        <time>2025-12-27T03:28:56Z</time>
        <speed>1.2224653</speed>
      </trkpt>
      <trkpt lat="24.9674046" lon="110.4524273">
        <ele>125.59</ele>
        <time>2025-12-27T03:29:04Z</time>
        <speed>1.3027619</speed>
      </trkpt>
      <trkpt lat="24.9673216" lon="110.4524978">
        <ele>124.52</ele>
        <time>2025-12-27T03:29:14Z</time>
        <speed>1.2090825</speed>
      </trkpt>
      <trkpt lat="24.967239" lon="110.4525504">
        <ele>123.91</ele>
        <time>2025-12-27T03:29:22Z</time>
        <speed>1.2209212</speed>
      </trkpt>
      <trkpt lat="24.9671512" lon="110.4526041">
        <ele>123.39</ele>
        <time>2025-12-27T03:29:32Z</time>
        <speed>1.2435689</speed>
      </trkpt>
      <trkpt lat="24.9670738" lon="110.452681">
        <ele>123.57</ele>
        <time>2025-12-27T03:29:42Z</time>
        <speed>1.1493747</speed>
      </trkpt>
      <trkpt lat="24.9669842" lon="110.4527366">
        <ele>122.55</ele>
        <time>2025-12-27T03:29:52Z</time>
        <speed>1.180258</speed>
      </trkpt>
      <trkpt lat="24.9669498" lon="110.452758">
        <ele>121.88</ele>
        <time>2025-12-27T03:29:54Z</time>
        <speed>0.0</speed>
      </trkpt>
      <trkpt lat="24.966882" lon="110.4527888">
        <ele>121.59</ele>
        <time>2025-12-27T03:30:04Z</time>
        <speed>0.97642803</speed>
      </trkpt>
      <trkpt lat="24.9667906" lon="110.4528252">
        <ele>121.38</ele>
        <time>2025-12-27T03:30:15Z</time>
        <speed>0.9321619</speed>
      </trkpt>
      <trkpt lat="24.9666908" lon="110.4528567">
        <ele>120.1</ele>
        <time>2025-12-27T03:30:25Z</time>
        <speed>1.1009909</speed>
      </trkpt>
      <trkpt lat="24.9666095" lon="110.4528714">
        <ele>119.28</ele>
        <time>2025-12-27T03:30:41Z</time>
        <speed>0.0</speed>
      </trkpt>
      <trkpt lat="24.9665062" lon="110.4528728">
        <ele>119.63</ele>
        <time>2025-12-27T03:31:03Z</time>
        <speed>1.2162886</speed>
      </trkpt>
      <trkpt lat="24.9663994" lon="110.4528441">
        <ele>119.58</ele>
        <time>2025-12-27T03:31:09Z</time>
        <speed>1.939988</speed>
      </trkpt>
      <trkpt lat="24.9662974" lon="110.4528095">
        <ele>119.63</ele>
        <time>2025-12-27T03:31:15Z</time>
        <speed>2.3785315</speed>
      </trkpt>
      <trkpt lat="24.9661967" lon="110.4528025">
        <ele>120.18</ele>
        <time>2025-12-27T03:31:23Z</time>
        <speed>1.5647556</speed>
      </trkpt>
      <trkpt lat="24.9661077" lon="110.4527747">
        <ele>122.04</ele>
        <time>2025-12-27T03:31:29Z</time>
        <speed>1.6682147</speed>
      </trkpt>
      <trkpt lat="24.9660206" lon="110.4527799">
        <ele>124.17</ele>
        <time>2025-12-27T03:31:37Z</time>
        <speed>1.5446814</speed>
      </trkpt>
      <trkpt lat="24.9659373" lon="110.4527917">
        <ele>124.87</ele>
        <time>2025-12-27T03:31:51Z</time>
        <speed>0.0</speed>
      </trkpt>
      <trkpt lat="24.9658462" lon="110.4528145">
        <ele>123.94</ele>
        <time>2025-12-27T03:32:11Z</time>
        <speed>0.94245636</speed>
      </trkpt>
      <trkpt lat="24.9657442" lon="110.4528515">
        <ele>123.49</ele>
        <time>2025-12-27T03:32:19Z</time>
        <speed>1.4921798</speed>
      </trkpt>
      <trkpt lat="24.9656435" lon="110.4529">
        <ele>123.71</ele>
        <time>2025-12-27T03:32:27Z</time>
        <speed>1.44534</speed>
      </trkpt>
      <trkpt lat="24.9655452" lon="110.4529538">
        <ele>123.92</ele>
        <time>2025-12-27T03:32:35Z</time>
        <speed>1.42681</speed>
      </trkpt>
      <trkpt lat="24.9654455" lon="110.4529969">
        <ele>124.08</ele>
        <time>2025-12-27T03:32:43Z</time>
        <speed>1.5359311</speed>
      </trkpt>
      <trkpt lat="24.9653705" lon="110.4530351">
        <ele>124.39</ele>
        <time>2025-12-27T03:33:01Z</time>
        <speed>0.0</speed>
      </trkpt>
      <trkpt lat="24.9652794" lon="110.4530803">
        <ele>124.78</ele>
        <time>2025-12-27T03:33:33Z</time>
        <speed>0.8065697</speed>
      </trkpt>
      <trkpt lat="24.9651926" lon="110.4531446">
        <ele>125.01</ele>
        <time>2025-12-27T03:33:41Z</time>
        <speed>1.2806289</speed>
      </trkpt>
      <trkpt lat="24.9651124" lon="110.4532069">
        <ele>125.13</ele>
        <time>2025-12-27T03:33:49Z</time>
        <speed>1.2852614</speed>
      </trkpt>
      <trkpt lat="24.9650182" lon="110.4532561">
        <ele>124.86</ele>
        <time>2025-12-27T03:33:57Z</time>
        <speed>1.349087</speed>
      </trkpt>
      <trkpt lat="24.9649311" lon="110.4533049">
        <ele>124.71</ele>
        <time>2025-12-27T03:34:05Z</time>
        <speed>1.2579811</speed>
      </trkpt>
      <trkpt lat="24.9648883" lon="110.453319">
        <ele>124.36</ele>
        <time>2025-12-27T03:34:17Z</time>
        <speed>0.0</speed>
      </trkpt>
      <trkpt lat="24.9648167" lon="110.4533667">
        <ele>123.69</ele>
        <time>2025-12-27T03:35:29Z</time>
        <speed>0.8462033</speed>
      </trkpt>
      <trkpt lat="24.964735" lon="110.453435">
        <ele>122.53</ele>
        <time>2025-12-27T03:35:39Z</time>
        <speed>0.9167203</speed>
      </trkpt>
      <trkpt lat="24.9646533" lon="110.4534878">
        <ele>122.22</ele>
        <time>2025-12-27T03:35:49Z</time>
        <speed>0.93473554</speed>
      </trkpt>
      <trkpt lat="24.9645678" lon="110.4535237">
        <ele>122.12</ele>
        <time>2025-12-27T03:35:59Z</time>
        <speed>0.9965022</speed>
      </trkpt>
      <trkpt lat="24.9644698" lon="110.4535393">
        <ele>121.77</ele>
        <time>2025-12-27T03:36:13Z</time>
        <speed>1.0526069</speed>
      </trkpt>
      <trkpt lat="24.9644362" lon="110.4535369">
        <ele>121.4</ele>
        <time>2025-12-27T03:36:21Z</time>
        <speed>0.0</speed>
      </trkpt>
      <trkpt lat="24.9644257" lon="110.4536085">
        <ele>121.35</ele>
        <time>2025-12-27T03:36:59Z</time>
        <speed>1.2332745</speed>
      </trkpt>
      <trkpt lat="24.9643642" lon="110.453684">
        <ele>121.68</ele>
        <time>2025-12-27T03:37:07Z</time>
        <speed>1.5071067</speed>
      </trkpt>
      <trkpt lat="24.9642824" lon="110.4537555">
        <ele>122.07</ele>
        <time>2025-12-27T03:37:15Z</time>
        <speed>1.3485723</speed>
      </trkpt>
      <trkpt lat="24.9641931" lon="110.4538262">
        <ele>122.04</ele>
        <time>2025-12-27T03:37:23Z</time>
        <speed>1.3830587</speed>
      </trkpt>
      <trkpt lat="24.9641155" lon="110.4538934">
        <ele>122.07</ele>
        <time>2025-12-27T03:37:33Z</time>
        <speed>0.935765</speed>
      </trkpt>
      <trkpt lat="24.9640284" lon="110.4539539">
        <ele>121.44</ele>
        <time>2025-12-27T03:37:41Z</time>
        <speed>1.4741645</speed>
      </trkpt>
      <trkpt lat="24.9639429" lon="110.4540145">
        <ele>120.65</ele>
        <time>2025-12-27T03:37:49Z</time>
        <speed>1.5683587</speed>
      </trkpt>
      <trkpt lat="24.9638549" lon="110.4540742">
        <ele>119.38</ele>
        <time>2025-12-27T03:37:57Z</time>
        <speed>1.4582081</speed>
      </trkpt>
      <trkpt lat="24.9637711" lon="110.4541263">
        <ele>117.97</ele>
        <time>2025-12-27T03:38:03Z</time>
        <speed>1.7063042</speed>
      </trkpt>
      <trkpt lat="24.9636841" lon="110.4542034">
        <ele>117.21</ele>
        <time>2025-12-27T03:38:11Z</time>
        <speed>1.5827708</speed>
      </trkpt>
      <trkpt lat="24.9636209" lon="110.4542925">
        <ele>117.12</ele>
        <time>2025-12-27T03:38:17Z</time>
        <speed>1.6543173</speed>
      </trkpt>
      <trkpt lat="24.9635627" lon="110.4543799">
        <ele>116.94</ele>
        <time>2025-12-27T03:38:23Z</time>
        <speed>1.7557175</speed>
      </trkpt>
      <trkpt lat="24.9634751" lon="110.4544279">
        <ele>116.75</ele>
        <time>2025-12-27T03:38:31Z</time>
        <speed>1.6018156</speed>
      </trkpt>
      <trkpt lat="24.9633733" lon="110.4544672">
        <ele>116.94</ele>
        <time>2025-12-27T03:38:39Z</time>
        <speed>1.6141689</speed>
      </trkpt>
      <trkpt lat="24.9632611" lon="110.4544876">
        <ele>116.24</ele>
        <time>2025-12-27T03:38:47Z</time>
        <speed>1.5426224</speed>
      </trkpt>
      <trkpt lat="24.9631616" lon="110.4545038">
        <ele>116.05</ele>
        <time>2025-12-27T03:38:55Z</time>
        <speed>1.3130563</speed>
      </trkpt>
      <trkpt lat="24.9630618" lon="110.4545154">
        <ele>116.41</ele>
        <time>2025-12-27T03:39:05Z</time>
        <speed>1.411883</speed>
      </trkpt>
      <trkpt lat="24.9629655" lon="110.4545627">
        <ele>116.71</ele>
        <time>2025-12-27T03:39:15Z</time>
        <speed>1.3274686</speed>
      </trkpt>
      <trkpt lat="24.9628769" lon="110.4546139">
        <ele>117.09</ele>
        <time>2025-12-27T03:39:23Z</time>
        <speed>1.3516606</speed>
      </trkpt>
      <trkpt lat="24.9627783" lon="110.4546626">
        <ele>117.4</ele>
        <time>2025-12-27T03:39:33Z</time>
        <speed>1.2132003</speed>
      </trkpt>
      <trkpt lat="24.9626994" lon="110.4547269">
        <ele>117.36</ele>
        <time>2025-12-27T03:39:45Z</time>
        <speed>0.7828925</speed>
      </trkpt>
      <trkpt lat="24.9626266" lon="110.4548015">
        <ele>116.94</ele>
        <time>2025-12-27T03:39:55Z</time>
        <speed>1.1715078</speed>
      </trkpt>
      <trkpt lat="24.9625577" lon="110.4548776">
        <ele>116.93</ele>
        <time>2025-12-27T03:40:03Z</time>
        <speed>1.2476866</speed>
      </trkpt>
      <trkpt lat="24.9624819" lon="110.4549518">
        <ele>117.39</ele>
        <time>2025-12-27T03:40:13Z</time>
        <speed>0.7926722</speed>
      </trkpt>
      <trkpt lat="24.9623978" lon="110.4550334">
        <ele>117.91</ele>
        <time>2025-12-27T03:40:19Z</time>
        <speed>1.4000444</speed>
      </trkpt>
      <trkpt lat="24.9623271" lon="110.455125">
        <ele>117.99</ele>
        <time>2025-12-27T03:40:29Z</time>
        <speed>1.1030498</speed>
      </trkpt>
      <trkpt lat="24.9622542" lon="110.4551971">
        <ele>119.29</ele>
        <time>2025-12-27T03:40:37Z</time>
        <speed>1.2919527</speed>
      </trkpt>
      <trkpt lat="24.9621762" lon="110.45525">
        <ele>121.06</ele>
        <time>2025-12-27T03:40:43Z</time>
        <speed>1.5915211</speed>
      </trkpt>
      <trkpt lat="24.9620951" lon="110.4552991">
        <ele>122.84</ele>
        <time>2025-12-27T03:40:51Z</time>
        <speed>1.4829147</speed>
      </trkpt>
      <trkpt lat="24.9620029" lon="110.4553042">
        <ele>124.54</ele>
        <time>2025-12-27T03:40:59Z</time>
        <speed>1.2945263</speed>
      </trkpt>
      <trkpt lat="24.961907" lon="110.4553106">
        <ele>125.04</ele>
        <time>2025-12-27T03:41:07Z</time>
        <speed>1.274967</speed>
      </trkpt>
      <trkpt lat="24.9618167" lon="110.4552877">
        <ele>123.95</ele>
        <time>2025-12-27T03:41:19Z</time>
        <speed>0.5147222</speed>
      </trkpt>
      <trkpt lat="24.9617191" lon="110.4552945">
        <ele>123.54</ele>
        <time>2025-12-27T03:41:27Z</time>
        <speed>1.1190062</speed>
      </trkpt>
      <trkpt lat="24.9616151" lon="110.455302">
        <ele>122.83</ele>
        <time>2025-12-27T03:41:35Z</time>
        <speed>1.2904086</speed>
      </trkpt>
      <trkpt lat="24.9615204" lon="110.455303">
        <ele>121.96</ele>
        <time>2025-12-27T03:41:43Z</time>
        <speed>1.1565808</speed>
      </trkpt>
      <trkpt lat="24.9614272" lon="110.4553417">
        <ele>120.77</ele>
        <time>2025-12-27T03:41:51Z</time>
        <speed>1.3357042</speed>
      </trkpt>
      <trkpt lat="24.9613455" lon="110.4554067">
        <ele>120.05</ele>
        <time>2025-12-27T03:41:59Z</time>
        <speed>1.3537195</speed>
      </trkpt>
      <trkpt lat="24.9612642" lon="110.4554582">
        <ele>119.26</ele>
        <time>2025-12-27T03:42:07Z</time>
        <speed>1.1993028</speed>
      </trkpt>
      <trkpt lat="24.961181" lon="110.4555349">
        <ele>118.76</ele>
        <time>2025-12-27T03:42:15Z</time>
        <speed>1.6615233</speed>
      </trkpt>
      <trkpt lat="24.9610942" lon="110.4555951">
        <ele>118.78</ele>
        <time>2025-12-27T03:42:25Z</time>
        <speed>0.9656189</speed>
      </trkpt>
      <trkpt lat="24.9609971" lon="110.4556363">
        <ele>119.22</ele>
        <time>2025-12-27T03:42:33Z</time>
        <speed>1.2214358</speed>
      </trkpt>
      <trkpt lat="24.9609003" lon="110.4556706">
        <ele>119.85</ele>
        <time>2025-12-27T03:42:43Z</time>
        <speed>0.9604717</speed>
      </trkpt>
      <trkpt lat="24.9607941" lon="110.4556997">
        <ele>120.26</ele>
        <time>2025-12-27T03:42:55Z</time>
        <speed>0.71700805</speed>
      </trkpt>
      <trkpt lat="24.9606849" lon="110.4557253">
        <ele>120.84</ele>
        <time>2025-12-27T03:43:03Z</time>
        <speed>1.2317302</speed>
      </trkpt>
      <trkpt lat="24.9605789" lon="110.4557605">
        <ele>121.21</ele>
        <time>2025-12-27T03:43:09Z</time>
        <speed>1.6949803</speed>
      </trkpt>
      <trkpt lat="24.9604998" lon="110.4558185">
        <ele>121.51</ele>
        <time>2025-12-27T03:43:17Z</time>
        <speed>1.4844589</speed>
      </trkpt>
      <trkpt lat="24.960408" lon="110.4558809">
        <ele>120.94</ele>
        <time>2025-12-27T03:43:27Z</time>
        <speed>1.2790847</speed>
      </trkpt>
      <trkpt lat="24.9603101" lon="110.455921">
        <ele>120.67</ele>
        <time>2025-12-27T03:43:37Z</time>
        <speed>1.0639309</speed>
      </trkpt>
      <trkpt lat="24.9602176" lon="110.4559357">
        <ele>120.25</ele>
        <time>2025-12-27T03:43:47Z</time>
        <speed>0.9120878</speed>
      </trkpt>
      <trkpt lat="24.9601209" lon="110.4559306">
        <ele>120.4</ele>
        <time>2025-12-27T03:43:55Z</time>
        <speed>1.1256975</speed>
      </trkpt>
      <trkpt lat="24.9600603" lon="110.4559751">
        <ele>120.87</ele>
        <time>2025-12-27T03:44:11Z</time>
        <speed>0.0</speed>
      </trkpt>
      <trkpt lat="24.9601567" lon="110.45604">
        <ele>120.8</ele>
        <time>2025-12-27T03:45:29Z</time>
        <speed>0.53325224</speed>
      </trkpt>
      <trkpt lat="24.96018" lon="110.4561417">
        <ele>119.21</ele>
        <time>2025-12-27T03:46:45Z</time>
        <speed>0.4750886</speed>
      </trkpt>
      <trkpt lat="24.9600933" lon="110.45609">
        <ele>117.53</ele>
        <time>2025-12-27T03:49:37Z</time>
        <speed>0.6773744</speed>
      </trkpt>
      <trkpt lat="24.9599933" lon="110.456085">
        <ele>116.53</ele>
        <time>2025-12-27T03:49:53Z</time>
        <speed>0.6145783</speed>
      </trkpt>
      <trkpt lat="24.9598905" lon="110.4560983">
        <ele>115.18</ele>
        <time>2025-12-27T03:50:07Z</time>
        <speed>0.73090553</speed>
      </trkpt>
      <trkpt lat="24.9597923" lon="110.4560982">
        <ele>114.93</ele>
        <time>2025-12-27T03:50:27Z</time>
        <speed>0.59347475</speed>
      </trkpt>
      <trkpt lat="24.9596906" lon="110.456109">
        <ele>116.08</ele>
        <time>2025-12-27T03:50:59Z</time>
        <speed>0.8729689</speed>
      </trkpt>
      <trkpt lat="24.9595924" lon="110.4561176">
        <ele>116.35</ele>
        <time>2025-12-27T03:51:29Z</time>
        <speed>0.46530887</speed>
      </trkpt>
      <trkpt lat="24.9595007" lon="110.4561325">
        <ele>115.68</ele>
        <time>2025-12-27T03:51:47Z</time>
        <speed>0.53325224</speed>
      </trkpt>
      <trkpt lat="24.9594075" lon="110.4561333">
        <ele>115.39</ele>
        <time>2025-12-27T03:52:03Z</time>
        <speed>0.42001334</speed>
      </trkpt>
      <trkpt lat="24.9593069" lon="110.4561424">
        <ele>115.22</ele>
        <time>2025-12-27T03:52:13Z</time>
        <speed>0.89510196</speed>
      </trkpt>
      <trkpt lat="24.9592149" lon="110.4561675">
        <ele>114.87</ele>
        <time>2025-12-27T03:52:29Z</time>
        <speed>0.0</speed>
      </trkpt>
      <trkpt lat="24.9591233" lon="110.4561867">
        <ele>114.11</ele>
        <time>2025-12-27T03:53:37Z</time>
        <speed>0.0</speed>
      </trkpt>
      <trkpt lat="24.9590283" lon="110.456185">
        <ele>113.46</ele>
        <time>2025-12-27T03:53:55Z</time>
        <speed>0.64752054</speed>
      </trkpt>
      <trkpt lat="24.9589305" lon="110.4561706">
        <ele>112.36</ele>
        <time>2025-12-27T03:54:07Z</time>
        <speed>0.7350233</speed>
      </trkpt>
      <trkpt lat="24.9588348" lon="110.4561592">
        <ele>111.34</ele>
        <time>2025-12-27T03:54:17Z</time>
        <speed>0.9285589</speed>
      </trkpt>
      <trkpt lat="24.9587359" lon="110.4561774">
        <ele>110.21</ele>
        <time>2025-12-27T03:54:27Z</time>
        <speed>0.9748839</speed>
      </trkpt>
      <trkpt lat="24.9586371" lon="110.4561839">
        <ele>109.82</ele>
        <time>2025-12-27T03:54:39Z</time>
        <speed>0.9352503</speed>
      </trkpt>
      <trkpt lat="24.958536" lon="110.4561821">
        <ele>110.33</ele>
        <time>2025-12-27T03:54:51Z</time>
        <speed>0.9059111</speed>
      </trkpt>
      <trkpt lat="24.9584416" lon="110.4561659">
        <ele>110.4</ele>
        <time>2025-12-27T03:55:09Z</time>
        <speed>0.50133944</speed>
      </trkpt>
      <trkpt lat="24.9583483" lon="110.456135">
        <ele>109.88</ele>
        <time>2025-12-27T03:56:13Z</time>
        <speed>0.6094311</speed>
      </trkpt>
      <trkpt lat="24.9582417" lon="110.4561233">
        <ele>108.73</ele>
        <time>2025-12-27T03:56:31Z</time>
        <speed>0.83487946</speed>
      </trkpt>
      <trkpt lat="24.9581449" lon="110.4561088">
        <ele>108.54</ele>
        <time>2025-12-27T03:56:41Z</time>
        <speed>1.0371653</speed>
      </trkpt>
      <trkpt lat="24.9580511" lon="110.4561119">
        <ele>108.53</ele>
        <time>2025-12-27T03:56:51Z</time>
        <speed>0.7803189</speed>
      </trkpt>
      <trkpt lat="24.9579583" lon="110.4561078">
        <ele>108.77</ele>
        <time>2025-12-27T03:56:59Z</time>
        <speed>0.91414666</speed>
      </trkpt>
      <trkpt lat="24.957867" lon="110.4560995">
        <ele>108.91</ele>
        <time>2025-12-27T03:57:09Z</time>
        <speed>0.7257583</speed>
      </trkpt>
      <trkpt lat="24.9577633" lon="110.456092">
        <ele>109.25</ele>
        <time>2025-12-27T03:57:19Z</time>
        <speed>0.9481183</speed>
      </trkpt>
      <trkpt lat="24.9576675" lon="110.4560612">
        <ele>109.01</ele>
        <time>2025-12-27T03:57:27Z</time>
        <speed>1.1004761</speed>
      </trkpt>
      <trkpt lat="24.9575751" lon="110.4560458">
        <ele>108.79</ele>
        <time>2025-12-27T03:57:35Z</time>
        <speed>0.87914556</speed>
      </trkpt>
      <trkpt lat="24.9574713" lon="110.4560285">
        <ele>109.1</ele>
        <time>2025-12-27T03:57:43Z</time>
        <speed>1.0876081</speed>
      </trkpt>
      <trkpt lat="24.9573643" lon="110.4559991">
        <ele>108.93</ele>
        <time>2025-12-27T03:57:53Z</time>
        <speed>1.1313595</speed>
      </trkpt>
      <trkpt lat="24.9572716" lon="110.455954">
        <ele>108.96</ele>
        <time>2025-12-27T03:58:03Z</time>
        <speed>0.88635164</speed>
      </trkpt>
      <trkpt lat="24.9572072" lon="110.4558789">
        <ele>109.84</ele>
        <time>2025-12-27T03:58:37Z</time>
        <speed>0.4581028</speed>
      </trkpt>
      <trkpt lat="24.9572139" lon="110.4557714">
        <ele>110.47</ele>
        <time>2025-12-27T03:58:57Z</time>
        <speed>0.6737714</speed>
      </trkpt>
      <trkpt lat="24.9572072" lon="110.4556594">
        <ele>111.17</ele>
        <time>2025-12-27T03:59:09Z</time>
        <speed>0.93061775</speed>
      </trkpt>
      <trkpt lat="24.9571368" lon="110.4556064">
        <ele>112.77</ele>
        <time>2025-12-27T03:59:25Z</time>
        <speed>0.67685974</speed>
      </trkpt>
      <trkpt lat="24.9570438" lon="110.4556143">
        <ele>114.59</ele>
        <time>2025-12-27T03:59:33Z</time>
        <speed>1.1910672</speed>
      </trkpt>
      <trkpt lat="24.9569464" lon="110.4556347">
        <ele>116.14</ele>
        <time>2025-12-27T03:59:41Z</time>
        <speed>1.2178328</speed>
      </trkpt>
      <trkpt lat="24.9568611" lon="110.4557014">
        <ele>117.24</ele>
        <time>2025-12-27T03:59:53Z</time>
        <speed>0.88583696</speed>
      </trkpt>
      <trkpt lat="24.9567844" lon="110.455772">
        <ele>118.6</ele>
        <time>2025-12-27T04:00:01Z</time>
        <speed>1.2121708</speed>
      </trkpt>
      <trkpt lat="24.9566998" lon="110.455836">
        <ele>119.12</ele>
        <time>2025-12-27T04:00:17Z</time>
        <speed>0.5888422</speed>
      </trkpt>
      <trkpt lat="24.9566231" lon="110.4559065">
        <ele>118.72</ele>
        <time>2025-12-27T04:00:25Z</time>
        <speed>1.124668</speed>
      </trkpt>
      <trkpt lat="24.9565534" lon="110.455981">
        <ele>118.02</ele>
        <time>2025-12-27T04:00:37Z</time>
        <speed>0.8312764</speed>
      </trkpt>
      <trkpt lat="24.9564646" lon="110.4560197">
        <ele>117.28</ele>
        <time>2025-12-27T04:01:01Z</time>
        <speed>0.29545057</speed>
      </trkpt>
      <trkpt lat="24.9563745" lon="110.456081">
        <ele>116.64</ele>
        <time>2025-12-27T04:01:19Z</time>
        <speed>0.880175</speed>
      </trkpt>
      <trkpt lat="24.9562847" lon="110.4560758">
        <ele>115.46</ele>
        <time>2025-12-27T04:01:37Z</time>
        <speed>0.65627086</speed>
      </trkpt>
      <trkpt lat="24.9561956" lon="110.4560421">
        <ele>114.1</ele>
        <time>2025-12-27T04:02:11Z</time>
        <speed>0.58060664</speed>
      </trkpt>
      <trkpt lat="24.9562345" lon="110.4560591">
        <ele>113.59</ele>
        <time>2025-12-27T04:02:23Z</time>
        <speed>0.8426003</speed>
      </trkpt>
      <trkpt lat="24.956323" lon="110.4560328">
        <ele>112.47</ele>
        <time>2025-12-27T04:02:31Z</time>
        <speed>0.85546833</speed>
      </trkpt>
      <trkpt lat="24.9563924" lon="110.4559573">
        <ele>111.54</ele>
        <time>2025-12-27T04:02:41Z</time>
        <speed>0.9033375</speed>
      </trkpt>
      <trkpt lat="24.9563396" lon="110.4559218">
        <ele>111.48</ele>
        <time>2025-12-27T04:03:13Z</time>
        <speed>0.9239264</speed>
      </trkpt>
      <trkpt lat="24.9562459" lon="110.4558798">
        <ele>112.56</ele>
        <time>2025-12-27T04:03:23Z</time>
        <speed>1.0448861</speed>
      </trkpt>
      <trkpt lat="24.9561279" lon="110.4558738">
        <ele>114.13</ele>
        <time>2025-12-27T04:03:31Z</time>
        <speed>1.4391633</speed>
      </trkpt>
      <trkpt lat="24.9560097" lon="110.4558875">
        <ele>115.19</ele>
        <time>2025-12-27T04:03:41Z</time>
        <speed>1.1087117</speed>
      </trkpt>
      <trkpt lat="24.9559056" lon="110.4559041">
        <ele>115.15</ele>
        <time>2025-12-27T04:03:49Z</time>
        <speed>1.2384217</speed>
      </trkpt>
      <trkpt lat="24.9558075" lon="110.4559172">
        <ele>115.04</ele>
        <time>2025-12-27T04:03:59Z</time>
        <speed>0.83282053</speed>
      </trkpt>
      <trkpt lat="24.9557146" lon="110.4559252">
        <ele>115.11</ele>
        <time>2025-12-27T04:04:07Z</time>
        <speed>1.115403</speed>
      </trkpt>
      <trkpt lat="24.9556271" lon="110.4559484">
        <ele>115.15</ele>
        <time>2025-12-27T04:04:15Z</time>
        <speed>1.1524631</speed>
      </trkpt>
      <trkpt lat="24.9555387" lon="110.4559584">
        <ele>115.6</ele>
        <time>2025-12-27T04:04:21Z</time>
        <speed>1.4710761</speed>
      </trkpt>
      <trkpt lat="24.9554408" lon="110.4559603">
        <ele>115.51</ele>
        <time>2025-12-27T04:04:31Z</time>
        <speed>1.0845197</speed>
      </trkpt>
      <trkpt lat="24.9553392" lon="110.4559532">
        <ele>115.29</ele>
        <time>2025-12-27T04:04:41Z</time>
        <speed>1.0258414</speed>
      </trkpt>
      <trkpt lat="24.9552379" lon="110.4559635">
        <ele>115.47</ele>
        <time>2025-12-27T04:04:51Z</time>
        <speed>0.8868664</speed>
      </trkpt>
      <trkpt lat="24.9551334" lon="110.455991">
        <ele>115.87</ele>
        <time>2025-12-27T04:05:01Z</time>
        <speed>1.0407684</speed>
      </trkpt>
      <trkpt lat="24.9550317" lon="110.4560154">
        <ele>116.96</ele>
        <time>2025-12-27T04:05:15Z</time>
        <speed>0.44163167</speed>
      </trkpt>
      <trkpt lat="24.9549438" lon="110.4560513">
        <ele>118.22</ele>
        <time>2025-12-27T04:05:23Z</time>
        <speed>0.9136319</speed>
      </trkpt>
      <trkpt lat="24.9548559" lon="110.456111">
        <ele>119.07</ele>
        <time>2025-12-27T04:05:31Z</time>
        <speed>0.99495804</speed>
      </trkpt>
      <trkpt lat="24.9547585" lon="110.4561509">
        <ele>119.52</ele>
        <time>2025-12-27T04:05:41Z</time>
        <speed>0.79730475</speed>
      </trkpt>
      <trkpt lat="24.9546673" lon="110.4561755">
        <ele>120.28</ele>
        <time>2025-12-27T04:05:49Z</time>
        <speed>1.0253266</speed>
      </trkpt>
      <trkpt lat="24.9545799" lon="110.4562248">
        <ele>120.89</ele>
        <time>2025-12-27T04:05:57Z</time>
        <speed>1.071137</speed>
      </trkpt>
      <trkpt lat="24.9544924" lon="110.4562602">
        <ele>121.93</ele>
        <time>2025-12-27T04:06:07Z</time>
        <speed>0.7509797</speed>
      </trkpt>
      <trkpt lat="24.9543971" lon="110.4562833">
        <ele>123.59</ele>
        <time>2025-12-27T04:06:15Z</time>
        <speed>1.0222384</speed>
      </trkpt>
      <trkpt lat="24.9543" lon="110.4562848">
        <ele>124.97</ele>
        <time>2025-12-27T04:06:23Z</time>
        <speed>1.1890084</speed>
      </trkpt>
      <trkpt lat="24.9542089" lon="110.4562955">
        <ele>125.8</ele>
        <time>2025-12-27T04:06:31Z</time>
        <speed>1.1684195</speed>
      </trkpt>
      <trkpt lat="24.9541165" lon="110.4563275">
        <ele>126.36</ele>
        <time>2025-12-27T04:06:39Z</time>
        <speed>1.0608425</speed>
      </trkpt>
      <trkpt lat="24.9540197" lon="110.4563575">
        <ele>126.85</ele>
        <time>2025-12-27T04:06:49Z</time>
        <speed>0.9476036</speed>
      </trkpt>
      <trkpt lat="24.9539138" lon="110.4563709">
        <ele>126.79</ele>
        <time>2025-12-27T04:06:59Z</time>
        <speed>0.9295883</speed>
      </trkpt>
      <trkpt lat="24.9538272" lon="110.4564153">
        <ele>126.53</ele>
        <time>2025-12-27T04:07:07Z</time>
        <speed>1.1622428</speed>
      </trkpt>
      <trkpt lat="24.9537359" lon="110.4564605">
        <ele>125.79</ele>
        <time>2025-12-27T04:07:19Z</time>
        <speed>0.79679</speed>
      </trkpt>
      <trkpt lat="24.9536446" lon="110.4565021">
        <ele>124.55</ele>
        <time>2025-12-27T04:07:27Z</time>
        <speed>1.1354772</speed>
      </trkpt>
      <trkpt lat="24.9535444" lon="110.456548">
        <ele>123.71</ele>
        <time>2025-12-27T04:07:37Z</time>
        <speed>1.2106267</speed>
      </trkpt>
      <trkpt lat="24.9534985" lon="110.4566427">
        <ele>123.32</ele>
        <time>2025-12-27T04:07:49Z</time>
        <speed>0.9738544</speed>
      </trkpt>
      <trkpt lat="24.9534478" lon="110.456735">
        <ele>123.31</ele>
        <time>2025-12-27T04:07:59Z</time>
        <speed>0.74274415</speed>
      </trkpt>
      <trkpt lat="24.953425" lon="110.4568467">
        <ele>123.35</ele>
        <time>2025-12-27T04:09:03Z</time>
        <speed>0.09367944</speed>
      </trkpt>
      <trkpt lat="24.95334" lon="110.4569083">
        <ele>123.54</ele>
        <time>2025-12-27T04:09:17Z</time>
        <speed>0.7314203</speed>
      </trkpt>
      <trkpt lat="24.9532423" lon="110.4569446">
        <ele>123.35</ele>
        <time>2025-12-27T04:09:29Z</time>
        <speed>0.6516383</speed>
      </trkpt>
      <trkpt lat="24.9531823" lon="110.4570201">
        <ele>122.81</ele>
        <time>2025-12-27T04:09:37Z</time>
        <speed>0.583695</speed>
      </trkpt>
      <trkpt lat="24.9531301" lon="110.4571191">
        <ele>122.25</ele>
        <time>2025-12-27T04:09:45Z</time>
        <speed>0.8812044</speed>
      </trkpt>
      <trkpt lat="24.9530699" lon="110.4571994">
        <ele>121.54</ele>
        <time>2025-12-27T04:09:55Z</time>
        <speed>0.73708224</speed>
      </trkpt>
      <trkpt lat="24.9530042" lon="110.4572709">
        <ele>120.96</ele>
        <time>2025-12-27T04:10:03Z</time>
        <speed>0.8642186</speed>
      </trkpt>
      <trkpt lat="24.9529337" lon="110.4573379">
        <ele>120.38</ele>
        <time>2025-12-27T04:10:15Z</time>
        <speed>0.59244525</speed>
      </trkpt>
      <trkpt lat="24.9528591" lon="110.4574061">
        <ele>119.78</ele>
        <time>2025-12-27T04:10:23Z</time>
        <speed>0.6784039</speed>
      </trkpt>
      <trkpt lat="24.9527808" lon="110.4574815">
        <ele>119.49</ele>
        <time>2025-12-27T04:10:31Z</time>
        <speed>0.8039961</speed>
      </trkpt>
      <trkpt lat="24.9526891" lon="110.4575385">
        <ele>119.24</ele>
        <time>2025-12-27T04:10:39Z</time>
        <speed>0.9501772</speed>
      </trkpt>
      <trkpt lat="24.9525967" lon="110.4575922">
        <ele>118.79</ele>
        <time>2025-12-27T04:10:49Z</time>
        <speed>0.69847804</speed>
      </trkpt>
      <trkpt lat="24.9524961" lon="110.4576367">
        <ele>118.32</ele>
        <time>2025-12-27T04:10:59Z</time>
        <speed>0.95995694</speed>
      </trkpt>
      <trkpt lat="24.9523894" lon="110.4576548">
        <ele>117.97</ele>
        <time>2025-12-27T04:11:07Z</time>
        <speed>1.1282711</speed>
      </trkpt>
      <trkpt lat="24.9522887" lon="110.4576753">
        <ele>117.9</ele>
        <time>2025-12-27T04:11:17Z</time>
        <speed>0.9244411</speed>
      </trkpt>
      <trkpt lat="24.9521859" lon="110.4576697">
        <ele>118.16</ele>
        <time>2025-12-27T04:11:27Z</time>
        <speed>1.0685633</speed>
      </trkpt>
      <trkpt lat="24.9521274" lon="110.457747">
        <ele>118.48</ele>
        <time>2025-12-27T04:11:37Z</time>
        <speed>0.93936807</speed>
      </trkpt>
      <trkpt lat="24.9520603" lon="110.4578251">
        <ele>118.74</ele>
        <time>2025-12-27T04:11:51Z</time>
        <speed>0.83539414</speed>
      </trkpt>
      <trkpt lat="24.9519777" lon="110.4578799">
        <ele>118.81</ele>
        <time>2025-12-27T04:12:03Z</time>
        <speed>0.72112584</speed>
      </trkpt>
      <trkpt lat="24.951886" lon="110.4579205">
        <ele>118.98</ele>
        <time>2025-12-27T04:12:15Z</time>
        <speed>0.806055</speed>
      </trkpt>
      <trkpt lat="24.9518041" lon="110.4579675">
        <ele>119.12</ele>
        <time>2025-12-27T04:12:41Z</time>
        <speed>0.26302305</speed>
      </trkpt>
      <trkpt lat="24.9517452" lon="110.458054">
        <ele>119.37</ele>
        <time>2025-12-27T04:12:53Z</time>
        <speed>1.0726811</speed>
      </trkpt>
      <trkpt lat="24.9516583" lon="110.4580963">
        <ele>119.21</ele>
        <time>2025-12-27T04:13:05Z</time>
        <speed>0.8317911</speed>
      </trkpt>
      <trkpt lat="24.9515748" lon="110.4581403">
        <ele>118.86</ele>
        <time>2025-12-27T04:13:15Z</time>
        <speed>0.9002492</speed>
      </trkpt>
      <trkpt lat="24.9515072" lon="110.4582088">
        <ele>118.28</ele>
        <time>2025-12-27T04:13:23Z</time>
        <speed>1.0556953</speed>
      </trkpt>
      <trkpt lat="24.9514682" lon="110.4582994">
        <ele>118.2</ele>
        <time>2025-12-27T04:13:29Z</time>
        <speed>1.1478306</speed>
      </trkpt>
      <trkpt lat="24.9514263" lon="110.4584046">
        <ele>118.33</ele>
        <time>2025-12-27T04:13:37Z</time>
        <speed>1.5282103</speed>
      </trkpt>
      <trkpt lat="24.9513477" lon="110.4584882">
        <ele>118.06</ele>
        <time>2025-12-27T04:13:47Z</time>
        <speed>1.2034205</speed>
      </trkpt>
      <trkpt lat="24.9512597" lon="110.4585298">
        <ele>118.98</ele>
        <time>2025-12-27T04:13:55Z</time>
        <speed>1.2291566</speed>
      </trkpt>
      <trkpt lat="24.9511724" lon="110.4585825">
        <ele>119.55</ele>
        <time>2025-12-27T04:14:07Z</time>
        <speed>0.73965585</speed>
      </trkpt>
      <trkpt lat="24.9511042" lon="110.4586517">
        <ele>119.4</ele>
        <time>2025-12-27T04:14:15Z</time>
        <speed>0.9326767</speed>
      </trkpt>
      <trkpt lat="24.9510273" lon="110.4587189">
        <ele>118.88</ele>
        <time>2025-12-27T04:14:23Z</time>
        <speed>1.2960706</speed>
      </trkpt>
      <trkpt lat="24.9509353" lon="110.4587773">
        <ele>117.9</ele>
        <time>2025-12-27T04:14:33Z</time>
        <speed>1.1138589</speed>
      </trkpt>
      <trkpt lat="24.950883" lon="110.4588787">
        <ele>117.3</ele>
        <time>2025-12-27T04:14:41Z</time>
        <speed>1.4067358</speed>
      </trkpt>
      <trkpt lat="24.9508148" lon="110.4589661">
        <ele>116.87</ele>
        <time>2025-12-27T04:14:53Z</time>
        <speed>0.88635164</speed>
      </trkpt>
      <trkpt lat="24.9507366" lon="110.4590337">
        <ele>116.32</ele>
        <time>2025-12-27T04:15:01Z</time>
        <speed>1.2132003</speed>
      </trkpt>
      <trkpt lat="24.9506596" lon="110.4590912">
        <ele>115.88</ele>
        <time>2025-12-27T04:15:11Z</time>
        <speed>0.85649776</speed>
      </trkpt>
      <trkpt lat="24.9505887" lon="110.4591571">
        <ele>115.68</ele>
        <time>2025-12-27T04:15:17Z</time>
        <speed>1.3465134</speed>
      </trkpt>
      <trkpt lat="24.9505076" lon="110.4592197">
        <ele>115.56</ele>
        <time>2025-12-27T04:15:27Z</time>
        <speed>1.0279002</speed>
      </trkpt>
      <trkpt lat="24.9504315" lon="110.4592824">
        <ele>115.58</ele>
        <time>2025-12-27T04:15:35Z</time>
        <speed>1.0824609</speed>
      </trkpt>
      <trkpt lat="24.950335" lon="110.4593127">
        <ele>115.76</ele>
        <time>2025-12-27T04:15:45Z</time>
        <speed>1.0680486</speed>
      </trkpt>
      <trkpt lat="24.9502335" lon="110.4593665">
        <ele>116.55</ele>
        <time>2025-12-27T04:15:55Z</time>
        <speed>1.0701075</speed>
      </trkpt>
      <trkpt lat="24.9501388" lon="110.4594168">
        <ele>117.86</ele>
        <time>2025-12-27T04:16:05Z</time>
        <speed>0.93833864</speed>
      </trkpt>
      <trkpt lat="24.950065" lon="110.4595006">
        <ele>119.04</ele>
        <time>2025-12-27T04:16:15Z</time>
        <speed>0.9187792</speed>
      </trkpt>
      <trkpt lat="24.9499826" lon="110.4595579">
        <ele>120.18</ele>
        <time>2025-12-27T04:16:23Z</time>
        <speed>1.1375362</speed>
      </trkpt>
      <trkpt lat="24.9499035" lon="110.45961">
        <ele>120.62</ele>
        <time>2025-12-27T04:16:31Z</time>
        <speed>1.1066527</speed>
      </trkpt>
      <trkpt lat="24.9498268" lon="110.4596793">
        <ele>121.13</ele>
        <time>2025-12-27T04:16:41Z</time>
        <speed>0.78443664</speed>
      </trkpt>
      <trkpt lat="24.9497707" lon="110.4597656">
        <ele>121.29</ele>
        <time>2025-12-27T04:16:47Z</time>
        <speed>0.9795164</speed>
      </trkpt>
      <trkpt lat="24.9497043" lon="110.4598612">
        <ele>120.91</ele>
        <time>2025-12-27T04:16:55Z</time>
        <speed>1.3135711</speed>
      </trkpt>
      <trkpt lat="24.9496229" lon="110.4599288">
        <ele>119.74</ele>
        <time>2025-12-27T04:17:05Z</time>
        <speed>1.0392241</speed>
      </trkpt>
      <trkpt lat="24.9495372" lon="110.4600013">
        <ele>118.65</ele>
        <time>2025-12-27T04:17:19Z</time>
        <speed>0.63362306</speed>
      </trkpt>
      <trkpt lat="24.9494594" lon="110.4600689">
        <ele>117.81</ele>
        <time>2025-12-27T04:17:25Z</time>
        <speed>1.1076822</speed>
      </trkpt>
      <trkpt lat="24.9493814" lon="110.4601401">
        <ele>117.2</ele>
        <time>2025-12-27T04:17:35Z</time>
        <speed>0.94503</speed>
      </trkpt>
      <trkpt lat="24.9493158" lon="110.4602304">
        <ele>116.51</ele>
        <time>2025-12-27T04:17:43Z</time>
        <speed>1.0083408</speed>
      </trkpt>
      <trkpt lat="24.9492346" lon="110.4603227">
        <ele>115.91</ele>
        <time>2025-12-27T04:17:53Z</time>
        <speed>1.0335622</speed>
      </trkpt>
      <trkpt lat="24.9491507" lon="110.4604071">
        <ele>115.47</ele>
        <time>2025-12-27T04:18:03Z</time>
        <speed>1.1190062</speed>
      </trkpt>
      <trkpt lat="24.9490652" lon="110.4604918">
        <ele>115.27</ele>
        <time>2025-12-27T04:18:13Z</time>
        <speed>1.0644456</speed>
      </trkpt>
      <trkpt lat="24.9489994" lon="110.4605855">
        <ele>115.54</ele>
        <time>2025-12-27T04:18:21Z</time>
        <speed>1.1519483</speed>
      </trkpt>
      <trkpt lat="24.948935" lon="110.4606836">
        <ele>115.39</ele>
        <time>2025-12-27T04:18:31Z</time>
        <speed>1.1370214</speed>
      </trkpt>
      <trkpt lat="24.9489001" lon="110.4607968">
        <ele>114.41</ele>
        <time>2025-12-27T04:18:43Z</time>
        <speed>0.7942164</speed>
      </trkpt>
      <trkpt lat="24.9488204" lon="110.4608748">
        <ele>112.94</ele>
        <time>2025-12-27T04:18:53Z</time>
        <speed>0.87142473</speed>
      </trkpt>
      <trkpt lat="24.9487499" lon="110.4609502">
        <ele>111.29</ele>
        <time>2025-12-27T04:19:05Z</time>
        <speed>0.676345</speed>
      </trkpt>
      <trkpt lat="24.9487018" lon="110.4610422">
        <ele>109.87</ele>
        <time>2025-12-27T04:19:17Z</time>
        <speed>0.7046547</speed>
      </trkpt>
      <trkpt lat="24.9486458" lon="110.4611212">
        <ele>108.68</ele>
        <time>2025-12-27T04:19:25Z</time>
        <speed>0.6063428</speed>
      </trkpt>
      <trkpt lat="24.9485896" lon="110.4612074">
        <ele>107.91</ele>
        <time>2025-12-27T04:19:31Z</time>
        <speed>0.7859808</speed>
      </trkpt>
      <trkpt lat="24.9485119" lon="110.4612906">
        <ele>107.95</ele>
        <time>2025-12-27T04:19:41Z</time>
        <speed>0.98414886</speed>
      </trkpt>
      <trkpt lat="24.9484351" lon="110.4613699">
        <ele>109.0</ele>
        <time>2025-12-27T04:19:49Z</time>
        <speed>1.2512897</speed>
      </trkpt>
      <trkpt lat="24.9483784" lon="110.4614705">
        <ele>110.51</ele>
        <time>2025-12-27T04:20:01Z</time>
        <speed>0.76281834</speed>
      </trkpt>
      <trkpt lat="24.9483348" lon="110.461569">
        <ele>112.14</ele>
        <time>2025-12-27T04:20:11Z</time>
        <speed>0.7767158</speed>
      </trkpt>
      <trkpt lat="24.9482975" lon="110.4616771">
        <ele>113.63</ele>
        <time>2025-12-27T04:20:27Z</time>
        <speed>0.49001557</speed>
      </trkpt>
      <trkpt lat="24.9482791" lon="110.4617857">
        <ele>114.95</ele>
        <time>2025-12-27T04:20:55Z</time>
        <speed>0.0</speed>
      </trkpt>
      <trkpt lat="24.9482314" lon="110.4618825">
        <ele>115.27</ele>
        <time>2025-12-27T04:21:37Z</time>
        <speed>0.89304304</speed>
      </trkpt>
      <trkpt lat="24.9481941" lon="110.4619808">
        <ele>114.77</ele>
        <time>2025-12-27T04:21:45Z</time>
        <speed>1.5632114</speed>
      </trkpt>
      <trkpt lat="24.9481551" lon="110.4620814">
        <ele>114.48</ele>
        <time>2025-12-27T04:21:57Z</time>
        <speed>0.71031666</speed>
      </trkpt>
      <trkpt lat="24.9481291" lon="110.4621829">
        <ele>113.46</ele>
        <time>2025-12-27T04:22:03Z</time>
        <speed>1.3382778</speed>
      </trkpt>
      <trkpt lat="24.9480878" lon="110.4622884">
        <ele>112.7</ele>
        <time>2025-12-27T04:22:13Z</time>
        <speed>0.861645</speed>
      </trkpt>
      <trkpt lat="24.948029" lon="110.4623966">
        <ele>112.23</ele>
        <time>2025-12-27T04:22:21Z</time>
        <speed>1.3104827</speed>
      </trkpt>
      <trkpt lat="24.9479704" lon="110.4625018">
        <ele>112.13</ele>
        <time>2025-12-27T04:22:31Z</time>
        <speed>0.9645894</speed>
      </trkpt>
      <trkpt lat="24.9479195" lon="110.4626043">
        <ele>112.81</ele>
        <time>2025-12-27T04:22:43Z</time>
        <speed>0.8091433</speed>
      </trkpt>
      <trkpt lat="24.9478607" lon="110.462697">
        <ele>114.09</ele>
        <time>2025-12-27T04:22:57Z</time>
        <speed>0.66759473</speed>
      </trkpt>
      <trkpt lat="24.9478264" lon="110.4627977">
        <ele>115.73</ele>
        <time>2025-12-27T04:23:07Z</time>
        <speed>0.8194378</speed>
      </trkpt>
      <trkpt lat="24.9477815" lon="110.4629056">
        <ele>116.92</ele>
        <time>2025-12-27T04:23:17Z</time>
        <speed>0.8667922</speed>
      </trkpt>
      <trkpt lat="24.9477216" lon="110.4629985">
        <ele>117.82</ele>
        <time>2025-12-27T04:23:27Z</time>
        <speed>0.7324497</speed>
      </trkpt>
      <trkpt lat="24.9476348" lon="110.4630379">
        <ele>118.97</ele>
        <time>2025-12-27T04:23:47Z</time>
        <speed>0.7993636</speed>
      </trkpt>
      <trkpt lat="24.9475391" lon="110.4630583">
        <ele>120.66</ele>
        <time>2025-12-27T04:23:59Z</time>
        <speed>0.7756864</speed>
      </trkpt>
      <trkpt lat="24.9474545" lon="110.4631151">
        <ele>122.87</ele>
        <time>2025-12-27T04:24:09Z</time>
        <speed>0.93061775</speed>
      </trkpt>
      <trkpt lat="24.9473804" lon="110.4631817">
        <ele>125.12</ele>
        <time>2025-12-27T04:24:17Z</time>
        <speed>1.089667</speed>
      </trkpt>
      <trkpt lat="24.9473843" lon="110.4632839">
        <ele>127.0</ele>
        <time>2025-12-27T04:24:29Z</time>
        <speed>0.5703122</speed>
      </trkpt>
      <trkpt lat="24.9473974" lon="110.4634008">
        <ele>128.85</ele>
        <time>2025-12-27T04:24:43Z</time>
        <speed>0.47611806</speed>
      </trkpt>
      <trkpt lat="24.9473681" lon="110.4635132">
        <ele>130.03</ele>
        <time>2025-12-27T04:24:53Z</time>
        <speed>1.1473159</speed>
      </trkpt>
      <trkpt lat="24.947299" lon="110.4635855">
        <ele>129.89</ele>
        <time>2025-12-27T04:25:05Z</time>
        <speed>0.83385</speed>
      </trkpt>
      <trkpt lat="24.9472275" lon="110.4636599">
        <ele>128.69</ele>
        <time>2025-12-27T04:25:13Z</time>
        <speed>1.1195208</speed>
      </trkpt>
      <trkpt lat="24.9471564" lon="110.4637393">
        <ele>126.54</ele>
        <time>2025-12-27T04:25:21Z</time>
        <speed>1.1344478</speed>
      </trkpt>
      <trkpt lat="24.9470732" lon="110.4638175">
        <ele>124.46</ele>
        <time>2025-12-27T04:25:29Z</time>
        <speed>1.4746791</speed>
      </trkpt>
      <trkpt lat="24.9469776" lon="110.463893">
        <ele>122.8</ele>
        <time>2025-12-27T04:25:37Z</time>
        <speed>1.6852006</speed>
      </trkpt>
      <trkpt lat="24.9469799" lon="110.4639802">
        <ele>121.9</ele>
        <time>2025-12-27T04:26:05Z</time>
        <speed>0.61097527</speed>
      </trkpt>
      <trkpt lat="24.9469567" lon="110.4640794">
        <ele>120.95</ele>
        <time>2025-12-27T04:26:27Z</time>
        <speed>0.5378847</speed>
      </trkpt>
      <trkpt lat="24.946937" lon="110.4641824">
        <ele>119.04</ele>
        <time>2025-12-27T04:27:15Z</time>
        <speed>0.30214193</speed>
      </trkpt>
      <trkpt lat="24.9469137" lon="110.4642847">
        <ele>117.64</ele>
        <time>2025-12-27T04:27:25Z</time>
        <speed>1.0659897</speed>
      </trkpt>
      <trkpt lat="24.9468696" lon="110.4643734">
        <ele>116.64</ele>
        <time>2025-12-27T04:27:35Z</time>
        <speed>1.0103997</speed>
      </trkpt>
      <trkpt lat="24.9468276" lon="110.4644857">
        <ele>115.72</ele>
        <time>2025-12-27T04:27:47Z</time>
        <speed>1.0381948</speed>
      </trkpt>
      <trkpt lat="24.9467987" lon="110.4646034">
        <ele>114.81</ele>
        <time>2025-12-27T04:27:57Z</time>
        <speed>1.1076822</speed>
      </trkpt>
      <trkpt lat="24.9467951" lon="110.4647283">
        <ele>115.06</ele>
        <time>2025-12-27T04:28:07Z</time>
        <speed>1.1936408</speed>
      </trkpt>
      <trkpt lat="24.9468352" lon="110.4648238">
        <ele>115.81</ele>
        <time>2025-12-27T04:28:15Z</time>
        <speed>1.2945263</speed>
      </trkpt>
      <trkpt lat="24.9469098" lon="110.4649051">
        <ele>116.54</ele>
        <time>2025-12-27T04:28:27Z</time>
        <speed>0.9898108</speed>
      </trkpt>
      <trkpt lat="24.9470024" lon="110.4649086">
        <ele>117.21</ele>
        <time>2025-12-27T04:28:39Z</time>
        <speed>0.8240703</speed>
      </trkpt>
      <trkpt lat="24.9471068" lon="110.4648913">
        <ele>116.13</ele>
        <time>2025-12-27T04:28:51Z</time>
        <speed>0.806055</speed>
      </trkpt>
      <trkpt lat="24.9472025" lon="110.4648426">
        <ele>114.31</ele>
        <time>2025-12-27T04:29:05Z</time>
        <speed>0.63413775</speed>
      </trkpt>
      <trkpt lat="24.9473333" lon="110.46482">
        <ele>112.97</ele>
        <time>2025-12-27T04:34:13Z</time>
        <speed>0.035515834</speed>
      </trkpt>
      <trkpt lat="24.947275" lon="110.4648967">
        <ele>113.84</ele>
        <time>2025-12-27T04:38:23Z</time>
        <speed>0.5193547</speed>
      </trkpt>
      <trkpt lat="24.9472367" lon="110.4650433">
        <ele>113.78</ele>
        <time>2025-12-27T04:39:27Z</time>
        <speed>0.2589053</speed>
      </trkpt>
      <trkpt lat="24.947195" lon="110.4651317">
        <ele>113.83</ele>
        <time>2025-12-27T04:39:39Z</time>
        <speed>0.55178225</speed>
      </trkpt>
      <trkpt lat="24.947166" lon="110.4652426">
        <ele>114.38</ele>
        <time>2025-12-27T04:39:51Z</time>
        <speed>0.7715686</speed>
      </trkpt>
      <trkpt lat="24.9471483" lon="110.4653497">
        <ele>114.56</ele>
        <time>2025-12-27T04:40:07Z</time>
        <speed>0.4050864</speed>
      </trkpt>
      <trkpt lat="24.9471329" lon="110.4654546">
        <ele>114.28</ele>
        <time>2025-12-27T04:40:35Z</time>
        <speed>0.5610472</speed>
      </trkpt>
      <trkpt lat="24.9471041" lon="110.4655547">
        <ele>113.99</ele>
        <time>2025-12-27T04:40:53Z</time>
        <speed>0.59244525</speed>
      </trkpt>
      <trkpt lat="24.947076" lon="110.465653">
        <ele>114.08</ele>
        <time>2025-12-27T04:41:05Z</time>
        <speed>0.61251944</speed>
      </trkpt>
      <trkpt lat="24.9470512" lon="110.4657559">
        <ele>114.04</ele>
        <time>2025-12-27T04:41:15Z</time>
        <speed>0.78803974</speed>
      </trkpt>
      <trkpt lat="24.9470101" lon="110.4658506">
        <ele>113.9</ele>
        <time>2025-12-27T04:41:41Z</time>
        <speed>0.39942443</speed>
      </trkpt>
      <trkpt lat="24.9469868" lon="110.4659648">
        <ele>112.87</ele>
        <time>2025-12-27T04:42:33Z</time>
        <speed>0.04683972</speed>
      </trkpt>
      <trkpt lat="24.946955" lon="110.4660717">
        <ele>111.63</ele>
        <time>2025-12-27T04:46:37Z</time>
        <speed>0.8014225</speed>
      </trkpt>
      <trkpt lat="24.9469483" lon="110.4661733">
        <ele>111.1</ele>
        <time>2025-12-27T04:46:51Z</time>
        <speed>0.4931039</speed>
      </trkpt>
      <trkpt lat="24.9469445" lon="110.4662792">
        <ele>110.97</ele>
        <time>2025-12-27T04:47:03Z</time>
        <speed>0.73090553</speed>
      </trkpt>
      <trkpt lat="24.9469206" lon="110.4663833">
        <ele>111.46</ele>
        <time>2025-12-27T04:47:21Z</time>
        <speed>0.30677444</speed>
      </trkpt>
      <trkpt lat="24.9468916" lon="110.4665044">
        <ele>111.43</ele>
        <time>2025-12-27T04:47:33Z</time>
        <speed>1.2234948</speed>
      </trkpt>
      <trkpt lat="24.9468552" lon="110.4666103">
        <ele>110.86</ele>
        <time>2025-12-27T04:47:43Z</time>
        <speed>0.98826665</speed>
      </trkpt>
      <trkpt lat="24.946833" lon="110.4667174">
        <ele>110.32</ele>
        <time>2025-12-27T04:47:53Z</time>
        <speed>0.7684803</speed>
      </trkpt>
      <trkpt lat="24.946827" lon="110.4668289">
        <ele>110.53</ele>
        <time>2025-12-27T04:48:03Z</time>
        <speed>0.8050256</speed>
      </trkpt>
      <trkpt lat="24.9468502" lon="110.4669372">
        <ele>110.94</ele>
        <time>2025-12-27T04:48:13Z</time>
        <speed>0.824585</speed>
      </trkpt>
      <trkpt lat="24.9468782" lon="110.4670465">
        <ele>110.58</ele>
        <time>2025-12-27T04:48:23Z</time>
        <speed>0.9105436</speed>
      </trkpt>
      <trkpt lat="24.9469132" lon="110.4671527">
        <ele>109.99</ele>
        <time>2025-12-27T04:48:31Z</time>
        <speed>1.1406244</speed>
      </trkpt>
      <trkpt lat="24.946933" lon="110.4672576">
        <ele>109.26</ele>
        <time>2025-12-27T04:48:41Z</time>
        <speed>0.843115</speed>
      </trkpt>
      <trkpt lat="24.9469613" lon="110.4673648">
        <ele>108.98</ele>
        <time>2025-12-27T04:49:21Z</time>
        <speed>0.3005978</speed>
      </trkpt>
      <trkpt lat="24.946974" lon="110.4674704">
        <ele>107.7</ele>
        <time>2025-12-27T04:49:29Z</time>
        <speed>1.1231239</speed>
      </trkpt>
      <trkpt lat="24.9469795" lon="110.4675817">
        <ele>106.79</ele>
        <time>2025-12-27T04:49:41Z</time>
        <speed>0.88583696</speed>
      </trkpt>
      <trkpt lat="24.9469768" lon="110.4676913">
        <ele>106.88</ele>
        <time>2025-12-27T04:49:55Z</time>
        <speed>0.67274195</speed>
      </trkpt>
      <trkpt lat="24.9469818" lon="110.4678164">
        <ele>106.93</ele>
        <time>2025-12-27T04:50:05Z</time>
        <speed>1.217318</speed>
      </trkpt>
      <trkpt lat="24.946988" lon="110.4679307">
        <ele>106.83</ele>
        <time>2025-12-27T04:50:13Z</time>
        <speed>1.35269</speed>
      </trkpt>
      <trkpt lat="24.9469934" lon="110.4680416">
        <ele>106.86</ele>
        <time>2025-12-27T04:50:21Z</time>
        <speed>1.2924675</speed>
      </trkpt>
      <trkpt lat="24.9470311" lon="110.4681036">
        <ele>106.66</ele>
        <time>2025-12-27T04:50:35Z</time>
        <speed>0.0</speed>
      </trkpt>
      <trkpt lat="24.9470367" lon="110.468195">
        <ele>107.07</ele>
        <time>2025-12-27T04:55:17Z</time>
        <speed>0.86061555</speed>
      </trkpt>
      <trkpt lat="24.9469867" lon="110.4682783">
        <ele>106.44</ele>
        <time>2025-12-27T04:55:51Z</time>
        <speed>0.4977364</speed>
      </trkpt>
      <trkpt lat="24.9469536" lon="110.4683871">
        <ele>106.85</ele>
        <time>2025-12-27T04:56:11Z</time>
        <speed>0.5862686</speed>
      </trkpt>
      <trkpt lat="24.9469222" lon="110.4684951">
        <ele>106.57</ele>
        <time>2025-12-27T04:56:19Z</time>
        <speed>1.1262122</speed>
      </trkpt>
      <trkpt lat="24.946909" lon="110.4686069">
        <ele>106.24</ele>
        <time>2025-12-27T04:56:29Z</time>
        <speed>1.1164325</speed>
      </trkpt>
      <trkpt lat="24.9469196" lon="110.4687146">
        <ele>106.57</ele>
        <time>2025-12-27T04:56:39Z</time>
        <speed>1.0829755</speed>
      </trkpt>
      <trkpt lat="24.946949" lon="110.4688154">
        <ele>107.14</ele>
        <time>2025-12-27T04:56:47Z</time>
        <speed>1.0876081</speed>
      </trkpt>
      <trkpt lat="24.9469846" lon="110.4689312">
        <ele>108.03</ele>
        <time>2025-12-27T04:56:57Z</time>
        <speed>0.967163</speed>
      </trkpt>
      <trkpt lat="24.9470053" lon="110.4690577">
        <ele>109.22</ele>
        <time>2025-12-27T04:57:05Z</time>
        <speed>1.4123977</speed>
      </trkpt>
      <trkpt lat="24.9470291" lon="110.4691738">
        <ele>110.59</ele>
        <time>2025-12-27T04:57:15Z</time>
        <speed>0.9100289</speed>
      </trkpt>
      <trkpt lat="24.9470591" lon="110.4692814">
        <ele>111.67</ele>
        <time>2025-12-27T04:57:23Z</time>
        <speed>1.2132003</speed>
      </trkpt>
      <trkpt lat="24.9470888" lon="110.4693509">
        <ele>112.16</ele>
        <time>2025-12-27T04:57:37Z</time>
        <speed>0.0</speed>
      </trkpt>
      <trkpt lat="24.9471129" lon="110.4694383">
        <ele>111.62</ele>
        <time>2025-12-27T04:57:55Z</time>
        <speed>0.8621597</speed>
      </trkpt>
      <trkpt lat="24.9471284" lon="110.4695521">
        <ele>110.83</ele>
        <time>2025-12-27T04:58:03Z</time>
        <speed>1.2456278</speed>
      </trkpt>
      <trkpt lat="24.9471449" lon="110.4696684">
        <ele>110.99</ele>
        <time>2025-12-27T04:58:15Z</time>
        <speed>0.84826225</speed>
      </trkpt>
      <trkpt lat="24.9471422" lon="110.4697767">
        <ele>111.12</ele>
        <time>2025-12-27T04:59:05Z</time>
        <speed>1.0906963</speed>
      </trkpt>
      <trkpt lat="24.9471415" lon="110.4698837">
        <ele>111.33</ele>
        <time>2025-12-27T04:59:11Z</time>
        <speed>1.5874033</speed>
      </trkpt>
      <trkpt lat="24.9471665" lon="110.4699853">
        <ele>111.02</ele>
        <time>2025-12-27T04:59:17Z</time>
        <speed>1.8684417</speed>
      </trkpt>
      <trkpt lat="24.9471977" lon="110.4700875">
        <ele>110.79</ele>
        <time>2025-12-27T04:59:27Z</time>
        <speed>1.2373922</speed>
      </trkpt>
      <trkpt lat="24.9472312" lon="110.4701953">
        <ele>109.72</ele>
        <time>2025-12-27T04:59:37Z</time>
        <speed>1.1380508</speed>
      </trkpt>
      <trkpt lat="24.9472797" lon="110.4702914">
        <ele>109.8</ele>
        <time>2025-12-27T04:59:45Z</time>
        <speed>1.2929822</speed>
      </trkpt>
      <trkpt lat="24.9473193" lon="110.4703856">
        <ele>108.9</ele>
        <time>2025-12-27T04:59:53Z</time>
        <speed>1.1643016</speed>
      </trkpt>
      <trkpt lat="24.9473444" lon="110.4704859">
        <ele>108.55</ele>
        <time>2025-12-27T05:00:01Z</time>
        <speed>1.1365067</speed>
      </trkpt>
      <trkpt lat="24.9473704" lon="110.4705649">
        <ele>108.19</ele>
        <time>2025-12-27T05:00:11Z</time>
        <speed>0.0</speed>
      </trkpt>
      <trkpt lat="24.9473987" lon="110.4706586">
        <ele>108.49</ele>
        <time>2025-12-27T05:00:21Z</time>
        <speed>0.88583696</speed>
      </trkpt>
      <trkpt lat="24.9474269" lon="110.4707663">
        <ele>108.71</ele>
        <time>2025-12-27T05:00:33Z</time>
        <speed>0.8292175</speed>
      </trkpt>
      <trkpt lat="24.9474601" lon="110.4708789">
        <ele>108.45</ele>
        <time>2025-12-27T05:00:47Z</time>
        <speed>0.89510196</speed>
      </trkpt>
      <trkpt lat="24.9474777" lon="110.4709923">
        <ele>108.3</ele>
        <time>2025-12-27T05:00:57Z</time>
        <speed>0.93473554</speed>
      </trkpt>
      <trkpt lat="24.9475444" lon="110.4710728">
        <ele>108.34</ele>
        <time>2025-12-27T05:01:13Z</time>
        <speed>0.90076387</speed>
      </trkpt>
      <trkpt lat="24.947606" lon="110.4711521">
        <ele>108.32</ele>
        <time>2025-12-27T05:01:21Z</time>
        <speed>1.1570956</speed>
      </trkpt>
      <trkpt lat="24.9476646" lon="110.471235">
        <ele>108.31</ele>
        <time>2025-12-27T05:01:29Z</time>
        <speed>1.2548928</speed>
      </trkpt>
      <trkpt lat="24.94773" lon="110.4712776">
        <ele>108.74</ele>
        <time>2025-12-27T05:01:43Z</time>
        <speed>0.0</speed>
      </trkpt>
      <trkpt lat="24.9478226" lon="110.4712806">
        <ele>109.02</ele>
        <time>2025-12-27T05:02:05Z</time>
        <speed>0.657815</speed>
      </trkpt>
      <trkpt lat="24.947932" lon="110.4712979">
        <ele>109.1</ele>
        <time>2025-12-27T05:02:17Z</time>
        <speed>1.1781992</speed>
      </trkpt>
      <trkpt lat="24.9480346" lon="110.4713038">
        <ele>109.44</ele>
        <time>2025-12-27T05:02:25Z</time>
        <speed>1.2780553</speed>
      </trkpt>
      <trkpt lat="24.9481291" lon="110.4713002">
        <ele>109.73</ele>
        <time>2025-12-27T05:02:35Z</time>
        <speed>1.0438566</speed>
      </trkpt>
      <trkpt lat="24.9481823" lon="110.4712568">
        <ele>109.97</ele>
        <time>2025-12-27T05:02:51Z</time>
        <speed>0.0</speed>
      </trkpt>
      <trkpt lat="24.9482658" lon="110.4712777">
        <ele>111.15</ele>
        <time>2025-12-27T05:03:17Z</time>
        <speed>1.078343</speed>
      </trkpt>
      <trkpt lat="24.9482824" lon="110.4713173">
        <ele>112.42</ele>
        <time>2025-12-27T05:03:29Z</time>
        <speed>0.0</speed>
      </trkpt>
      <trkpt lat="24.948278" lon="110.4712552">
        <ele>113.79</ele>
        <time>2025-12-27T05:04:03Z</time>
        <speed>0.20022695</speed>
      </trkpt>
      <trkpt lat="24.9482342" lon="110.4712954">
        <ele>114.44</ele>
        <time>2025-12-27T05:04:55Z</time>
        <speed>0.62178445</speed>
      </trkpt>
      <trkpt lat="24.9482179" lon="110.47139">
        <ele>113.99</ele>
        <time>2025-12-27T05:05:07Z</time>
        <speed>0.7257583</speed>
      </trkpt>
      <trkpt lat="24.948175" lon="110.47132">
        <ele>113.82</ele>
        <time>2025-12-27T05:06:57Z</time>
        <speed>0.52244306</speed>
      </trkpt>
      <trkpt lat="24.9480733" lon="110.4713">
        <ele>114.16</ele>
        <time>2025-12-27T05:07:51Z</time>
        <speed>0.63362306</speed>
      </trkpt>
      <trkpt lat="24.9479801" lon="110.471311">
        <ele>113.44</ele>
        <time>2025-12-27T05:07:59Z</time>
        <speed>1.3125417</speed>
      </trkpt>
      <trkpt lat="24.9478858" lon="110.4713185">
        <ele>113.55</ele>
        <time>2025-12-27T05:08:09Z</time>
        <speed>0.99907583</speed>
      </trkpt>
      <trkpt lat="24.9478001" lon="110.4712825">
        <ele>113.92</ele>
        <time>2025-12-27T05:08:17Z</time>
        <speed>1.3058503</speed>
      </trkpt>
      <trkpt lat="24.947716" lon="110.4713042">
        <ele>113.91</ele>
        <time>2025-12-27T05:08:27Z</time>
        <speed>1.2363628</speed>
      </trkpt>
      <trkpt lat="24.9477172" lon="110.4714004">
        <ele>113.73</ele>
        <time>2025-12-27T05:08:37Z</time>
        <speed>1.2502602</speed>
      </trkpt>
      <trkpt lat="24.9477479" lon="110.4715117">
        <ele>113.81</ele>
        <time>2025-12-27T05:08:47Z</time>
        <speed>1.1524631</speed>
      </trkpt>
      <trkpt lat="24.9477758" lon="110.4716209">
        <ele>113.59</ele>
        <time>2025-12-27T05:08:57Z</time>
        <speed>1.0767989</speed>
      </trkpt>
      <trkpt lat="24.9478097" lon="110.4717245">
        <ele>113.59</ele>
        <time>2025-12-27T05:09:05Z</time>
        <speed>1.300703</speed>
      </trkpt>
      <trkpt lat="24.94785" lon="110.4718217">
        <ele>113.6</ele>
        <time>2025-12-27T05:09:13Z</time>
        <speed>1.2487161</speed>
      </trkpt>
      <trkpt lat="24.9478824" lon="110.4719198">
        <ele>113.51</ele>
        <time>2025-12-27T05:09:21Z</time>
        <speed>1.27857</speed>
      </trkpt>
      <trkpt lat="24.9479208" lon="110.4720156">
        <ele>113.29</ele>
        <time>2025-12-27T05:09:29Z</time>
        <speed>1.3187183</speed>
      </trkpt>
      <trkpt lat="24.9479588" lon="110.4721269">
        <ele>113.04</ele>
        <time>2025-12-27T05:09:43Z</time>
        <speed>1.1457716</speed>
      </trkpt>
      <trkpt lat="24.9479887" lon="110.4722464">
        <ele>113.02</ele>
        <time>2025-12-27T05:09:53Z</time>
        <speed>1.269305</speed>
      </trkpt>
      <trkpt lat="24.9480142" lon="110.4723531">
        <ele>112.84</ele>
        <time>2025-12-27T05:10:01Z</time>
        <speed>1.2754817</speed>
      </trkpt>
      <trkpt lat="24.9480372" lon="110.472453">
        <ele>112.56</ele>
        <time>2025-12-27T05:10:09Z</time>
        <speed>1.2461425</speed>
      </trkpt>
      <trkpt lat="24.9480659" lon="110.4725632">
        <ele>112.28</ele>
        <time>2025-12-27T05:10:19Z</time>
        <speed>1.2425394</speed>
      </trkpt>
      <trkpt lat="24.9480959" lon="110.4726764">
        <ele>111.99</ele>
        <time>2025-12-27T05:10:29Z</time>
        <speed>1.1941556</speed>
      </trkpt>
      <trkpt lat="24.9481236" lon="110.4727929">
        <ele>111.56</ele>
        <time>2025-12-27T05:10:39Z</time>
        <speed>1.210112</speed>
      </trkpt>
      <trkpt lat="24.9481505" lon="110.4729077">
        <ele>111.19</ele>
        <time>2025-12-27T05:10:49Z</time>
        <speed>1.16739</speed>
      </trkpt>
      <trkpt lat="24.9481783" lon="110.4730204">
        <ele>110.89</ele>
        <time>2025-12-27T05:11:01Z</time>
        <speed>0.93936807</speed>
      </trkpt>
      <trkpt lat="24.9481927" lon="110.4731259">
        <ele>110.64</ele>
        <time>2025-12-27T05:11:13Z</time>
        <speed>0.9192939</speed>
      </trkpt>
      <trkpt lat="24.9482236" lon="110.4732364">
        <ele>110.23</ele>
        <time>2025-12-27T05:11:23Z</time>
        <speed>1.2075384</speed>
      </trkpt>
      <trkpt lat="24.9482611" lon="110.4733441">
        <ele>109.88</ele>
        <time>2025-12-27T05:11:35Z</time>
        <speed>0.9146614</speed>
      </trkpt>
      <trkpt lat="24.9482919" lon="110.4734533">
        <ele>109.54</ele>
        <time>2025-12-27T05:11:51Z</time>
        <speed>0.96664834</speed>
      </trkpt>
      <trkpt lat="24.9483095" lon="110.4735606">
        <ele>109.35</ele>
        <time>2025-12-27T05:12:01Z</time>
        <speed>1.0242972</speed>
      </trkpt>
      <trkpt lat="24.9483223" lon="110.4736659">
        <ele>109.16</ele>
        <time>2025-12-27T05:12:11Z</time>
        <speed>1.0731958</speed>
      </trkpt>
      <trkpt lat="24.9483328" lon="110.4737657">
        <ele>109.43</ele>
        <time>2025-12-27T05:12:19Z</time>
        <speed>1.1694489</speed>
      </trkpt>
      <trkpt lat="24.948347" lon="110.4738711">
        <ele>109.51</ele>
        <time>2025-12-27T05:12:29Z</time>
        <speed>1.0417978</speed>
      </trkpt>
      <trkpt lat="24.9483541" lon="110.4739851">
        <ele>109.55</ele>
        <time>2025-12-27T05:12:41Z</time>
        <speed>1.0417978</speed>
      </trkpt>
      <trkpt lat="24.948335" lon="110.4740559">
        <ele>109.53</ele>
        <time>2025-12-27T05:12:55Z</time>
        <speed>0.0</speed>
      </trkpt>
      <trkpt lat="24.9483593" lon="110.4741442">
        <ele>109.73</ele>
        <time>2025-12-27T05:13:29Z</time>
        <speed>1.1406244</speed>
      </trkpt>
      <trkpt lat="24.9483873" lon="110.4742398">
        <ele>109.59</ele>
        <time>2025-12-27T05:13:39Z</time>
        <speed>1.0464302</speed>
      </trkpt>
      <trkpt lat="24.9483939" lon="110.4743481">
        <ele>109.55</ele>
        <time>2025-12-27T05:13:49Z</time>
        <speed>1.180258</speed>
      </trkpt>
      <trkpt lat="24.9483967" lon="110.4744658">
        <ele>109.7</ele>
        <time>2025-12-27T05:13:57Z</time>
        <speed>1.5225483</speed>
      </trkpt>
      <trkpt lat="24.9484187" lon="110.474576">
        <ele>110.0</ele>
        <time>2025-12-27T05:14:05Z</time>
        <speed>1.4556345</speed>
      </trkpt>
      <trkpt lat="24.9484722" lon="110.4746863">
        <ele>110.13</ele>
        <time>2025-12-27T05:14:13Z</time>
        <speed>1.5421078</speed>
      </trkpt>
      <trkpt lat="24.9484837" lon="110.4747414">
        <ele>110.46</ele>
        <time>2025-12-27T05:14:41Z</time>
        <speed>0.0</speed>
      </trkpt>
      <trkpt lat="24.948445" lon="110.4748183">
        <ele>110.82</ele>
        <time>2025-12-27T05:16:05Z</time>
        <speed>0.59090114</speed>
      </trkpt>
      <trkpt lat="24.9484617" lon="110.4749333">
        <ele>111.46</ele>
        <time>2025-12-27T05:16:15Z</time>
        <speed>1.1797433</speed>
      </trkpt>
      <trkpt lat="24.9485023" lon="110.4750413">
        <ele>112.77</ele>
        <time>2025-12-27T05:16:25Z</time>
        <speed>1.232245</speed>
      </trkpt>
      <trkpt lat="24.9485343" lon="110.4751506">
        <ele>114.37</ele>
        <time>2025-12-27T05:16:35Z</time>
        <speed>1.2518045</speed>
      </trkpt>
      <trkpt lat="24.9485525" lon="110.4752514">
        <ele>115.16</ele>
        <time>2025-12-27T05:16:43Z</time>
        <speed>1.3501164</speed>
      </trkpt>
      <trkpt lat="24.9485719" lon="110.4753506">
        <ele>115.26</ele>
        <time>2025-12-27T05:16:51Z</time>
        <speed>1.3089386</speed>
      </trkpt>
      <trkpt lat="24.9485848" lon="110.4754546">
        <ele>115.28</ele>
        <time>2025-12-27T05:17:03Z</time>
        <speed>0.87811613</speed>
      </trkpt>
      <trkpt lat="24.9485343" lon="110.475552">
        <ele>115.37</ele>
        <time>2025-12-27T05:17:47Z</time>
        <speed>0.75200915</speed>
      </trkpt>
      <trkpt lat="24.9484424" lon="110.475598">
        <ele>114.74</ele>
        <time>2025-12-27T05:17:57Z</time>
        <speed>1.1262122</speed>
      </trkpt>
      <trkpt lat="24.9483716" lon="110.475677">
        <ele>115.02</ele>
        <time>2025-12-27T05:18:09Z</time>
        <speed>1.0325328</speed>
      </trkpt>
      <trkpt lat="24.9483718" lon="110.4757685">
        <ele>115.57</ele>
        <time>2025-12-27T05:18:19Z</time>
        <speed>1.1658459</speed>
      </trkpt>
      <trkpt lat="24.9483801" lon="110.4758806">
        <ele>116.36</ele>
        <time>2025-12-27T05:18:31Z</time>
        <speed>1.1190062</speed>
      </trkpt>
      <trkpt lat="24.9483956" lon="110.4760007">
        <ele>118.4</ele>
        <time>2025-12-27T05:18:41Z</time>
        <speed>1.1874641</speed>
      </trkpt>
      <trkpt lat="24.9484165" lon="110.4761084">
        <ele>119.52</ele>
        <time>2025-12-27T05:18:49Z</time>
        <speed>1.1967292</speed>
      </trkpt>
      <trkpt lat="24.9484316" lon="110.4762165">
        <ele>119.98</ele>
        <time>2025-12-27T05:18:57Z</time>
        <speed>1.2770258</speed>
      </trkpt>
      <trkpt lat="24.9484348" lon="110.4763261">
        <ele>119.86</ele>
        <time>2025-12-27T05:19:05Z</time>
        <speed>1.3022472</speed>
      </trkpt>
      <trkpt lat="24.9484394" lon="110.4764312">
        <ele>119.45</ele>
        <time>2025-12-27T05:19:13Z</time>
        <speed>1.3532047</speed>
      </trkpt>
      <trkpt lat="24.948469" lon="110.4765371">
        <ele>119.26</ele>
        <time>2025-12-27T05:19:21Z</time>
        <speed>1.4479136</speed>
      </trkpt>
      <trkpt lat="24.9484816" lon="110.4766521">
        <ele>118.93</ele>
        <time>2025-12-27T05:19:29Z</time>
        <speed>1.4154861</speed>
      </trkpt>
      <trkpt lat="24.9485104" lon="110.4767557">
        <ele>118.7</ele>
        <time>2025-12-27T05:19:37Z</time>
        <speed>1.347028</speed>
      </trkpt>
      <trkpt lat="24.9485405" lon="110.4768632">
        <ele>118.4</ele>
        <time>2025-12-27T05:19:47Z</time>
        <speed>1.13033</speed>
      </trkpt>
      <trkpt lat="24.9485603" lon="110.4769702">
        <ele>117.93</ele>
        <time>2025-12-27T05:19:57Z</time>
        <speed>1.096873</speed>
      </trkpt>
      <trkpt lat="24.9485833" lon="110.4770718">
        <ele>118.47</ele>
        <time>2025-12-27T05:20:07Z</time>
        <speed>1.0201794</speed>
      </trkpt>
      <trkpt lat="24.9485878" lon="110.4771754">
        <ele>119.13</ele>
        <time>2025-12-27T05:20:15Z</time>
        <speed>1.1740814</speed>
      </trkpt>
      <trkpt lat="24.9485905" lon="110.4772761">
        <ele>119.85</ele>
        <time>2025-12-27T05:20:23Z</time>
        <speed>1.2368774</speed>
      </trkpt>
      <trkpt lat="24.9485998" lon="110.4773859">
        <ele>121.2</ele>
        <time>2025-12-27T05:20:31Z</time>
        <speed>1.3099681</speed>
      </trkpt>
      <trkpt lat="24.9485935" lon="110.4775042">
        <ele>122.41</ele>
        <time>2025-12-27T05:20:39Z</time>
        <speed>1.3902647</speed>
      </trkpt>
      <trkpt lat="24.9485763" lon="110.4776165">
        <ele>123.18</ele>
        <time>2025-12-27T05:20:47Z</time>
        <speed>1.2770258</speed>
      </trkpt>
      <trkpt lat="24.9485573" lon="110.4777284">
        <ele>123.23</ele>
        <time>2025-12-27T05:20:57Z</time>
        <speed>1.1200355</speed>
      </trkpt>
      <trkpt lat="24.9485474" lon="110.4778313">
        <ele>123.05</ele>
        <time>2025-12-27T05:21:05Z</time>
        <speed>1.0345917</speed>
      </trkpt>
      <trkpt lat="24.9485328" lon="110.477931">
        <ele>122.42</ele>
        <time>2025-12-27T05:21:15Z</time>
        <speed>0.8976756</speed>
      </trkpt>
      <trkpt lat="24.9485124" lon="110.4780362">
        <ele>121.64</ele>
        <time>2025-12-27T05:21:27Z</time>
        <speed>0.40920416</speed>
      </trkpt>
      <trkpt lat="24.9484765" lon="110.4781327">
        <ele>119.9</ele>
        <time>2025-12-27T05:21:39Z</time>
        <speed>0.16728473</speed>
      </trkpt>
      <trkpt lat="24.9484427" lon="110.4782371">
        <ele>117.88</ele>
        <time>2025-12-27T05:21:49Z</time>
        <speed>0.09162056</speed>
      </trkpt>
      <trkpt lat="24.9484421" lon="110.4783386">
        <ele>115.82</ele>
        <time>2025-12-27T05:21:57Z</time>
        <speed>0.30471554</speed>
      </trkpt>
      <trkpt lat="24.9484529" lon="110.4784464">
        <ele>113.58</ele>
        <time>2025-12-27T05:22:03Z</time>
        <speed>0.95995694</speed>
      </trkpt>
      <trkpt lat="24.9484511" lon="110.4785641">
        <ele>111.61</ele>
        <time>2025-12-27T05:22:13Z</time>
        <speed>0.917235</speed>
      </trkpt>
      <trkpt lat="24.9484634" lon="110.4786725">
        <ele>109.67</ele>
        <time>2025-12-27T05:22:27Z</time>
        <speed>0.40405694</speed>
      </trkpt>
      <trkpt lat="24.9484882" lon="110.4787768">
        <ele>108.39</ele>
        <time>2025-12-27T05:22:37Z</time>
        <speed>0.806055</speed>
      </trkpt>
      <trkpt lat="24.948468" lon="110.478886">
        <ele>107.62</ele>
        <time>2025-12-27T05:22:47Z</time>
        <speed>0.9100289</speed>
      </trkpt>
      <trkpt lat="24.9484226" lon="110.4789935">
        <ele>107.4</ele>
        <time>2025-12-27T05:22:57Z</time>
        <speed>0.9645894</speed>
      </trkpt>
      <trkpt lat="24.9483575" lon="110.4790966">
        <ele>107.57</ele>
        <time>2025-12-27T05:23:07Z</time>
        <speed>1.126727</speed>
      </trkpt>
      <trkpt lat="24.9482937" lon="110.479188">
        <ele>107.76</ele>
        <time>2025-12-27T05:23:17Z</time>
        <speed>1.024812</speed>
      </trkpt>
      <trkpt lat="24.9482754" lon="110.479288">
        <ele>107.65</ele>
        <time>2025-12-27T05:23:27Z</time>
        <speed>1.0289297</speed>
      </trkpt>
      <trkpt lat="24.9482447" lon="110.4793944">
        <ele>106.72</ele>
        <time>2025-12-27T05:23:39Z</time>
        <speed>0.83539414</speed>
      </trkpt>
      <trkpt lat="24.9482065" lon="110.479503">
        <ele>106.11</ele>
        <time>2025-12-27T05:23:49Z</time>
        <speed>1.0031936</speed>
      </trkpt>
      <trkpt lat="24.9481451" lon="110.4796021">
        <ele>105.33</ele>
        <time>2025-12-27T05:23:59Z</time>
        <speed>0.93988276</speed>
      </trkpt>
      <trkpt lat="24.9480906" lon="110.4797087">
        <ele>104.63</ele>
        <time>2025-12-27T05:24:09Z</time>
        <speed>0.6120047</speed>
      </trkpt>
      <trkpt lat="24.9480374" lon="110.4798057">
        <ele>105.61</ele>
        <time>2025-12-27T05:24:19Z</time>
        <speed>0.8034814</speed>
      </trkpt>
      <trkpt lat="24.9479926" lon="110.4798992">
        <ele>109.0</ele>
        <time>2025-12-27T05:24:29Z</time>
        <speed>0.49413332</speed>
      </trkpt>
      <trkpt lat="24.9479473" lon="110.4799992">
        <ele>112.74</ele>
        <time>2025-12-27T05:24:41Z</time>
        <speed>0.46942666</speed>
      </trkpt>
      <trkpt lat="24.9478925" lon="110.4800819">
        <ele>116.51</ele>
        <time>2025-12-27T05:24:47Z</time>
        <speed>0.8827486</speed>
      </trkpt>
      <trkpt lat="24.9478329" lon="110.4801695">
        <ele>119.13</ele>
        <time>2025-12-27T05:24:53Z</time>
        <speed>1.2198917</speed>
      </trkpt>
      <trkpt lat="24.9477645" lon="110.4802485">
        <ele>120.88</ele>
        <time>2025-12-27T05:24:59Z</time>
        <speed>1.2965853</speed>
      </trkpt>
      <trkpt lat="24.9476971" lon="110.4803283">
        <ele>121.75</ele>
        <time>2025-12-27T05:25:05Z</time>
        <speed>1.3614403</speed>
      </trkpt>
      <trkpt lat="24.9476595" lon="110.4804339">
        <ele>121.6</ele>
        <time>2025-12-27T05:25:13Z</time>
        <speed>1.245113</speed>
      </trkpt>
      <trkpt lat="24.947607" lon="110.4805293">
        <ele>120.09</ele>
        <time>2025-12-27T05:25:21Z</time>
        <speed>1.2291566</speed>
      </trkpt>
      <trkpt lat="24.9475387" lon="110.4806146">
        <ele>119.32</ele>
        <time>2025-12-27T05:25:29Z</time>
        <speed>1.2893791</speed>
      </trkpt>
      <trkpt lat="24.9474735" lon="110.4806987">
        <ele>118.45</ele>
        <time>2025-12-27T05:25:39Z</time>
        <speed>1.0752547</speed>
      </trkpt>
      <trkpt lat="24.9474153" lon="110.4807965">
        <ele>117.53</ele>
        <time>2025-12-27T05:25:49Z</time>
        <speed>1.0891522</speed>
      </trkpt>
      <trkpt lat="24.9473775" lon="110.4808997">
        <ele>116.22</ele>
        <time>2025-12-27T05:25:59Z</time>
        <speed>0.96664834</speed>
      </trkpt>
      <trkpt lat="24.9473582" lon="110.4810143">
        <ele>115.27</ele>
        <time>2025-12-27T05:26:09Z</time>
        <speed>0.9615011</speed>
      </trkpt>
      <trkpt lat="24.9473482" lon="110.4811375">
        <ele>114.59</ele>
        <time>2025-12-27T05:26:19Z</time>
        <speed>1.0577542</speed>
      </trkpt>
      <trkpt lat="24.9473262" lon="110.4812503">
        <ele>113.56</ele>
        <time>2025-12-27T05:26:29Z</time>
        <speed>1.1298152</speed>
      </trkpt>
      <trkpt lat="24.9472946" lon="110.4813571">
        <ele>112.37</ele>
        <time>2025-12-27T05:26:39Z</time>
        <speed>1.1148883</speed>
      </trkpt>
      <trkpt lat="24.9472581" lon="110.4814631">
        <ele>111.18</ele>
        <time>2025-12-27T05:26:49Z</time>
        <speed>1.1540072</speed>
      </trkpt>
      <trkpt lat="24.9472279" lon="110.4815691">
        <ele>110.03</ele>
        <time>2025-12-27T05:27:09Z</time>
        <speed>0.30883333</speed>
      </trkpt>
      <trkpt lat="24.9471943" lon="110.4816828">
        <ele>109.54</ele>
        <time>2025-12-27T05:27:47Z</time>
        <speed>0.5178106</speed>
      </trkpt>
      <trkpt lat="24.9471918" lon="110.4817908">
        <ele>108.71</ele>
        <time>2025-12-27T05:28:07Z</time>
        <speed>0.32993695</speed>
      </trkpt>
      <trkpt lat="24.9471696" lon="110.4819">
        <ele>108.45</ele>
        <time>2025-12-27T05:28:19Z</time>
        <speed>0.59862196</speed>
      </trkpt>
      <trkpt lat="24.9471349" lon="110.4820035">
        <ele>108.3</ele>
        <time>2025-12-27T05:28:29Z</time>
        <speed>0.9965022</speed>
      </trkpt>
      <trkpt lat="24.9471007" lon="110.4821038">
        <ele>107.95</ele>
        <time>2025-12-27T05:28:39Z</time>
        <speed>1.0484892</speed>
      </trkpt>
      <trkpt lat="24.9470701" lon="110.4822006">
        <ele>107.16</ele>
        <time>2025-12-27T05:28:51Z</time>
        <speed>0.6995075</speed>
      </trkpt>
      <trkpt lat="24.9470217" lon="110.48229">
        <ele>106.57</ele>
        <time>2025-12-27T05:30:03Z</time>
        <speed>0.0</speed>
      </trkpt>
      <trkpt lat="24.94697" lon="110.48238">
        <ele>106.97</ele>
        <time>2025-12-27T05:30:46Z</time>
        <speed>0.4678825</speed>
      </trkpt>
      <trkpt lat="24.946885" lon="110.4824467">
        <ele>106.12</ele>
        <time>2025-12-27T05:32:00Z</time>
        <speed>0.50803083</speed>
      </trkpt>
      <trkpt lat="24.9468233" lon="110.4825483">
        <ele>104.87</ele>
        <time>2025-12-27T05:32:10Z</time>
        <speed>1.2291566</speed>
      </trkpt>
      <trkpt lat="24.9467603" lon="110.4826415">
        <ele>104.79</ele>
        <time>2025-12-27T05:32:20Z</time>
        <speed>1.1684195</speed>
      </trkpt>
      <trkpt lat="24.9466918" lon="110.4827307">
        <ele>104.75</ele>
        <time>2025-12-27T05:32:30Z</time>
        <speed>1.2142297</speed>
      </trkpt>
      <trkpt lat="24.9466216" lon="110.4828097">
        <ele>105.03</ele>
        <time>2025-12-27T05:32:42Z</time>
        <speed>0.9589275</speed>
      </trkpt>
      <trkpt lat="24.9465485" lon="110.4828966">
        <ele>105.41</ele>
        <time>2025-12-27T05:32:52Z</time>
        <speed>1.2667314</speed>
      </trkpt>
      <trkpt lat="24.9464871" lon="110.4829771">
        <ele>105.58</ele>
        <time>2025-12-27T05:33:00Z</time>
        <speed>1.24151</speed>
      </trkpt>
      <trkpt lat="24.9464178" lon="110.4830665">
        <ele>105.89</ele>
        <time>2025-12-27T05:33:10Z</time>
        <speed>1.2476866</speed>
      </trkpt>
      <trkpt lat="24.946345" lon="110.4831595">
        <ele>106.15</ele>
        <time>2025-12-27T05:33:20Z</time>
        <speed>1.1993028</speed>
      </trkpt>
      <trkpt lat="24.9462788" lon="110.4832548">
        <ele>106.0</ele>
        <time>2025-12-27T05:33:30Z</time>
        <speed>1.2466573</speed>
      </trkpt>
      <trkpt lat="24.9462064" lon="110.483343">
        <ele>106.0</ele>
        <time>2025-12-27T05:33:40Z</time>
        <speed>1.1874641</speed>
      </trkpt>
      <trkpt lat="24.9461478" lon="110.4834246">
        <ele>106.17</ele>
        <time>2025-12-27T05:33:48Z</time>
        <speed>1.1946703</speed>
      </trkpt>
      <trkpt lat="24.9461434" lon="110.4834576">
        <ele>106.53</ele>
        <time>2025-12-27T05:33:56Z</time>
        <speed>0.0</speed>
      </trkpt>
      <trkpt lat="24.946098" lon="110.483526">
        <ele>106.6</ele>
        <time>2025-12-27T05:34:18Z</time>
        <speed>1.2919527</speed>
      </trkpt>
      <trkpt lat="24.946033" lon="110.4836002">
        <ele>106.08</ele>
        <time>2025-12-27T05:34:30Z</time>
        <speed>0.79884887</speed>
      </trkpt>
      <trkpt lat="24.9459577" lon="110.4836823">
        <ele>105.83</ele>
        <time>2025-12-27T05:34:44Z</time>
        <speed>0.8178936</speed>
      </trkpt>
      <trkpt lat="24.9458824" lon="110.4837694">
        <ele>105.39</ele>
        <time>2025-12-27T05:34:52Z</time>
        <speed>1.4520314</speed>
      </trkpt>
      <trkpt lat="24.9458072" lon="110.4838551">
        <ele>105.01</ele>
        <time>2025-12-27T05:35:00Z</time>
        <speed>1.4165156</speed>
      </trkpt>
      <trkpt lat="24.9457338" lon="110.4839395">
        <ele>104.79</ele>
        <time>2025-12-27T05:35:08Z</time>
        <speed>1.4401928</speed>
      </trkpt>
      <trkpt lat="24.9456653" lon="110.4840246">
        <ele>104.79</ele>
        <time>2025-12-27T05:35:16Z</time>
        <speed>1.413942</speed>
      </trkpt>
      <trkpt lat="24.9455999" lon="110.4841185">
        <ele>104.75</ele>
        <time>2025-12-27T05:35:24Z</time>
        <speed>1.4715909</speed>
      </trkpt>
      <trkpt lat="24.9455405" lon="110.4842093">
        <ele>104.86</ele>
        <time>2025-12-27T05:35:32Z</time>
        <speed>1.4072505</speed>
      </trkpt>
      <trkpt lat="24.9454803" lon="110.484296">
        <ele>105.05</ele>
        <time>2025-12-27T05:35:40Z</time>
        <speed>1.3882059</speed>
      </trkpt>
      <trkpt lat="24.9453995" lon="110.4843924">
        <ele>104.94</ele>
        <time>2025-12-27T05:35:48Z</time>
        <speed>1.7346139</speed>
      </trkpt>
      <trkpt lat="24.9453234" lon="110.4844736">
        <ele>104.15</ele>
        <time>2025-12-27T05:35:54Z</time>
        <speed>2.0547712</speed>
      </trkpt>
      <trkpt lat="24.9452613" lon="110.4845526">
        <ele>102.97</ele>
        <time>2025-12-27T05:36:06Z</time>
        <speed>0.93936807</speed>
      </trkpt>
      <trkpt lat="24.9451971" lon="110.4846315">
        <ele>103.11</ele>
        <time>2025-12-27T05:36:16Z</time>
        <speed>1.4407074</speed>
      </trkpt>
      <trkpt lat="24.9451277" lon="110.4847157">
        <ele>103.36</ele>
        <time>2025-12-27T05:36:24Z</time>
        <speed>1.7397611</speed>
      </trkpt>
      <trkpt lat="24.9450562" lon="110.4847996">
        <ele>101.96</ele>
        <time>2025-12-27T05:36:32Z</time>
        <speed>1.7119662</speed>
      </trkpt>
      <trkpt lat="24.9449917" lon="110.4848819">
        <ele>100.86</ele>
        <time>2025-12-27T05:36:40Z</time>
        <speed>1.4396781</speed>
      </trkpt>
      <trkpt lat="24.9449249" lon="110.4849687">
        <ele>100.45</ele>
        <time>2025-12-27T05:36:48Z</time>
        <speed>1.460267</speed>
      </trkpt>
      <trkpt lat="24.9448545" lon="110.4850558">
        <ele>100.56</ele>
        <time>2025-12-27T05:36:56Z</time>
        <speed>1.4556345</speed>
      </trkpt>
      <trkpt lat="24.944784" lon="110.4851379">
        <ele>100.75</ele>
        <time>2025-12-27T05:37:04Z</time>
        <speed>1.3789408</speed>
      </trkpt>
      <trkpt lat="24.9447349" lon="110.4852318">
        <ele>100.9</ele>
        <time>2025-12-27T05:37:12Z</time>
        <speed>1.2971</speed>
      </trkpt>
      <trkpt lat="24.9446763" lon="110.4853251">
        <ele>100.56</ele>
        <time>2025-12-27T05:37:20Z</time>
        <speed>1.3650433</speed>
      </trkpt>
      <trkpt lat="24.944618" lon="110.485409">
        <ele>100.53</ele>
        <time>2025-12-27T05:37:28Z</time>
        <speed>1.2801142</speed>
      </trkpt>
      <trkpt lat="24.9445523" lon="110.4854941">
        <ele>100.69</ele>
        <time>2025-12-27T05:37:38Z</time>
        <speed>1.2420248</speed>
      </trkpt>
      <trkpt lat="24.9444813" lon="110.4855814">
        <ele>101.43</ele>
        <time>2025-12-27T05:37:48Z</time>
        <speed>1.2682755</speed>
      </trkpt>
      <trkpt lat="24.9444163" lon="110.4856796">
        <ele>102.1</ele>
        <time>2025-12-27T05:37:58Z</time>
        <speed>1.2250389</speed>
      </trkpt>
      <trkpt lat="24.9443514" lon="110.4857617">
        <ele>102.66</ele>
        <time>2025-12-27T05:38:08Z</time>
        <speed>1.1478306</speed>
      </trkpt>
      <trkpt lat="24.9443241" lon="110.4857972">
        <ele>103.19</ele>
        <time>2025-12-27T05:38:18Z</time>
        <speed>0.0</speed>
      </trkpt>
      <trkpt lat="24.9442604" lon="110.4858688">
        <ele>103.37</ele>
        <time>2025-12-27T05:38:34Z</time>
        <speed>1.2389364</speed>
      </trkpt>
      <trkpt lat="24.9441863" lon="110.4859478">
        <ele>103.21</ele>
        <time>2025-12-27T05:38:42Z</time>
        <speed>1.3403367</speed>
      </trkpt>
      <trkpt lat="24.9441231" lon="110.4859951">
        <ele>102.69</ele>
        <time>2025-12-27T05:38:54Z</time>
        <speed>0.0</speed>
      </trkpt>
      <trkpt lat="24.9440461" lon="110.4860402">
        <ele>102.78</ele>
        <time>2025-12-27T05:39:18Z</time>
        <speed>0.9965022</speed>
      </trkpt>
      <trkpt lat="24.9439528" lon="110.4860608">
        <ele>103.43</ele>
        <time>2025-12-27T05:39:30Z</time>
        <speed>0.991355</speed>
      </trkpt>
      <trkpt lat="24.9438642" lon="110.4860296">
        <ele>104.02</ele>
        <time>2025-12-27T05:39:38Z</time>
        <speed>1.1190062</speed>
      </trkpt>
      <trkpt lat="24.9437636" lon="110.4860112">
        <ele>103.97</ele>
        <time>2025-12-27T05:39:48Z</time>
        <speed>1.4721055</speed>
      </trkpt>
      <trkpt lat="24.9436666" lon="110.4860164">
        <ele>103.72</ele>
        <time>2025-12-27T05:40:02Z</time>
        <speed>0.69384557</speed>
      </trkpt>
      <trkpt lat="24.9435681" lon="110.4860478">
        <ele>103.93</ele>
        <time>2025-12-27T05:40:14Z</time>
        <speed>0.94142693</speed>
      </trkpt>
      <trkpt lat="24.9434742" lon="110.4860881">
        <ele>103.96</ele>
        <time>2025-12-27T05:40:26Z</time>
        <speed>0.97436917</speed>
      </trkpt>
      <trkpt lat="24.9433848" lon="110.4861387">
        <ele>104.24</ele>
        <time>2025-12-27T05:40:46Z</time>
        <speed>0.56670916</speed>
      </trkpt>
      <trkpt lat="24.9433244" lon="110.4862242">
        <ele>103.7</ele>
        <time>2025-12-27T05:40:56Z</time>
        <speed>1.1627575</speed>
      </trkpt>
      <trkpt lat="24.9433281" lon="110.4863262">
        <ele>104.0</ele>
        <time>2025-12-27T05:41:04Z</time>
        <speed>1.361955</speed>
      </trkpt>
      <trkpt lat="24.9432784" lon="110.4864115">
        <ele>104.17</ele>
        <time>2025-12-27T05:41:16Z</time>
        <speed>1.1468011</speed>
      </trkpt>
      <trkpt lat="24.9431935" lon="110.4864496">
        <ele>103.84</ele>
        <time>2025-12-27T05:41:26Z</time>
        <speed>1.0742253</speed>
      </trkpt>
      <trkpt lat="24.94311" lon="110.4865153">
        <ele>103.18</ele>
        <time>2025-12-27T05:41:36Z</time>
        <speed>1.2579811</speed>
      </trkpt>
      <trkpt lat="24.9430456" lon="110.486601">
        <ele>103.92</ele>
        <time>2025-12-27T05:41:46Z</time>
        <speed>1.0979025</speed>
      </trkpt>
      <trkpt lat="24.9430017" lon="110.4867013">
        <ele>104.21</ele>
        <time>2025-12-27T05:41:56Z</time>
        <speed>1.1555514</speed>
      </trkpt>
      <trkpt lat="24.9429624" lon="110.4867994">
        <ele>104.46</ele>
        <time>2025-12-27T05:42:04Z</time>
        <speed>1.4751939</speed>
      </trkpt>
      <trkpt lat="24.9429435" lon="110.4869116">
        <ele>104.57</ele>
        <time>2025-12-27T05:42:12Z</time>
        <speed>1.5040183</speed>
      </trkpt>
      <trkpt lat="24.9428984" lon="110.4870145">
        <ele>104.49</ele>
        <time>2025-12-27T05:42:20Z</time>
        <speed>1.4551197</speed>
      </trkpt>
      <trkpt lat="24.9428347" lon="110.4871054">
        <ele>104.11</ele>
        <time>2025-12-27T05:42:28Z</time>
        <speed>1.4309278</speed>
      </trkpt>
      <trkpt lat="24.9427434" lon="110.4871717">
        <ele>104.11</ele>
        <time>2025-12-27T05:42:36Z</time>
        <speed>1.5276955</speed>
      </trkpt>
      <trkpt lat="24.9426558" lon="110.4872273">
        <ele>104.75</ele>
        <time>2025-12-27T05:42:44Z</time>
        <speed>1.4335014</speed>
      </trkpt>
      <trkpt lat="24.9425669" lon="110.487268">
        <ele>105.37</ele>
        <time>2025-12-27T05:42:52Z</time>
        <speed>1.3609256</speed>
      </trkpt>
      <trkpt lat="24.9424822" lon="110.4873085">
        <ele>105.81</ele>
        <time>2025-12-27T05:43:00Z</time>
        <speed>1.3362188</speed>
      </trkpt>
      <trkpt lat="24.9423958" lon="110.4873518">
        <ele>105.81</ele>
        <time>2025-12-27T05:43:10Z</time>
        <speed>1.3274686</speed>
      </trkpt>
      <trkpt lat="24.9423114" lon="110.4874083">
        <ele>105.37</ele>
        <time>2025-12-27T05:43:18Z</time>
        <speed>1.3310716</speed>
      </trkpt>
      <trkpt lat="24.9422179" lon="110.4874473">
        <ele>105.17</ele>
        <time>2025-12-27T05:43:26Z</time>
        <speed>1.3691611</speed>
      </trkpt>
      <trkpt lat="24.9421172" lon="110.4874644">
        <ele>105.23</ele>
        <time>2025-12-27T05:43:34Z</time>
        <speed>1.436075</speed>
      </trkpt>
      <trkpt lat="24.9420195" lon="110.4874716">
        <ele>105.56</ele>
        <time>2025-12-27T05:43:42Z</time>
        <speed>1.4123977</speed>
      </trkpt>
      <trkpt lat="24.9419234" lon="110.4874805">
        <ele>106.18</ele>
        <time>2025-12-27T05:43:50Z</time>
        <speed>1.3166595</speed>
      </trkpt>
      <trkpt lat="24.9418256" lon="110.4874663">
        <ele>106.58</ele>
        <time>2025-12-27T05:44:00Z</time>
        <speed>1.2296714</speed>
      </trkpt>
      <trkpt lat="24.9417347" lon="110.4874256">
        <ele>106.59</ele>
        <time>2025-12-27T05:44:10Z</time>
        <speed>1.1818023</speed>
      </trkpt>
      <trkpt lat="24.9416402" lon="110.4874143">
        <ele>106.03</ele>
        <time>2025-12-27T05:44:20Z</time>
        <speed>1.1092263</speed>
      </trkpt>
      <trkpt lat="24.9415427" lon="110.4874148">
        <ele>106.1</ele>
        <time>2025-12-27T05:44:28Z</time>
        <speed>1.2703345</speed>
      </trkpt>
      <trkpt lat="24.9414392" lon="110.4874168">
        <ele>105.93</ele>
        <time>2025-12-27T05:44:38Z</time>
        <speed>1.2188622</speed>
      </trkpt>
      <trkpt lat="24.9413412" lon="110.4874121">
        <ele>105.44</ele>
        <time>2025-12-27T05:44:48Z</time>
        <speed>1.0850345</speed>
      </trkpt>
      <trkpt lat="24.9412331" lon="110.4874096">
        <ele>104.82</ele>
        <time>2025-12-27T05:44:58Z</time>
        <speed>1.3233508</speed>
      </trkpt>
      <trkpt lat="24.9411275" lon="110.4874291">
        <ele>104.64</ele>
        <time>2025-12-27T05:45:08Z</time>
        <speed>1.2162886</speed>
      </trkpt>
      <trkpt lat="24.9410283" lon="110.4874229">
        <ele>104.32</ele>
        <time>2025-12-27T05:45:28Z</time>
        <speed>0.4982511</speed>
      </trkpt>
      <trkpt lat="24.9409366" lon="110.4873984">
        <ele>104.14</ele>
        <time>2025-12-27T05:45:44Z</time>
        <speed>0.6454617</speed>
      </trkpt>
      <trkpt lat="24.9408367" lon="110.487395">
        <ele>103.52</ele>
        <time>2025-12-27T05:48:32Z</time>
        <speed>0.69590443</speed>
      </trkpt>
      <trkpt lat="24.9407467" lon="110.487395">
        <ele>102.78</ele>
        <time>2025-12-27T05:48:46Z</time>
        <speed>0.0</speed>
      </trkpt>
      <trkpt lat="24.9406496" lon="110.4873992">
        <ele>102.49</ele>
        <time>2025-12-27T05:48:56Z</time>
        <speed>1.05621</speed>
      </trkpt>
      <trkpt lat="24.9405552" lon="110.4874171">
        <ele>102.41</ele>
        <time>2025-12-27T05:49:06Z</time>
        <speed>1.0556953</speed>
      </trkpt>
      <trkpt lat="24.9404515" lon="110.4874204">
        <ele>101.72</ele>
        <time>2025-12-27T05:49:16Z</time>
        <speed>1.0762842</speed>
      </trkpt>
      <trkpt lat="24.9403482" lon="110.4873892">
        <ele>101.28</ele>
        <time>2025-12-27T05:49:26Z</time>
        <speed>1.1720225</speed>
      </trkpt>
      <trkpt lat="24.9403095" lon="110.4873695">
        <ele>102.45</ele>
        <time>2025-12-27T05:49:34Z</time>
        <speed>0.0</speed>
      </trkpt>
      <trkpt lat="24.9402282" lon="110.4873987">
        <ele>103.72</ele>
        <time>2025-12-27T05:50:06Z</time>
        <speed>0.8039961</speed>
      </trkpt>
      <trkpt lat="24.940133" lon="110.4874512">
        <ele>104.61</ele>
        <time>2025-12-27T05:50:16Z</time>
        <speed>1.0448861</speed>
      </trkpt>
      <trkpt lat="24.9400369" lon="110.4874897">
        <ele>105.73</ele>
        <time>2025-12-27T05:50:26Z</time>
        <speed>1.0618719</speed>
      </trkpt>
      <trkpt lat="24.9399379" lon="110.4875244">
        <ele>106.4</ele>
        <time>2025-12-27T05:50:38Z</time>
        <speed>0.8467181</speed>
      </trkpt>
      <trkpt lat="24.9398371" lon="110.4875507">
        <ele>107.05</ele>
        <time>2025-12-27T05:50:54Z</time>
        <speed>0.80296665</speed>
      </trkpt>
      <trkpt lat="24.9397437" lon="110.4875752">
        <ele>108.1</ele>
        <time>2025-12-27T05:51:10Z</time>
        <speed>0.5636208</speed>
      </trkpt>
      <trkpt lat="24.939652" lon="110.4875919">
        <ele>109.26</ele>
        <time>2025-12-27T05:51:26Z</time>
        <speed>0.6742861</speed>
      </trkpt>
      <trkpt lat="24.9395533" lon="110.4875748">
        <ele>109.92</ele>
        <time>2025-12-27T05:51:44Z</time>
        <speed>0.8343647</speed>
      </trkpt>
      <trkpt lat="24.9394506" lon="110.4875609">
        <ele>109.44</ele>
        <time>2025-12-27T05:51:56Z</time>
        <speed>0.68252164</speed>
      </trkpt>
      <trkpt lat="24.9393566" lon="110.4875566">
        <ele>108.86</ele>
        <time>2025-12-27T05:52:04Z</time>
        <speed>1.0577542</speed>
      </trkpt>
      <trkpt lat="24.9392975" lon="110.4875393">
        <ele>108.06</ele>
        <time>2025-12-27T05:52:18Z</time>
        <speed>0.0</speed>
      </trkpt>
      <trkpt lat="24.939296" lon="110.4874496">
        <ele>107.3</ele>
        <time>2025-12-27T05:52:56Z</time>
        <speed>0.75870055</speed>
      </trkpt>
      <trkpt lat="24.9393685" lon="110.4873792">
        <ele>107.0</ele>
        <time>2025-12-27T05:53:12Z</time>
        <speed>0.4997953</speed>
      </trkpt>
      <trkpt lat="24.9393499" lon="110.4874154">
        <ele>107.65</ele>
        <time>2025-12-27T05:53:58Z</time>
        <speed>0.47817695</speed>
      </trkpt>
      <trkpt lat="24.9393042" lon="110.4875093">
        <ele>111.88</ele>
        <time>2025-12-27T05:54:14Z</time>
        <speed>0.65266776</speed>
      </trkpt>
      <trkpt lat="24.939219" lon="110.487544">
        <ele>112.75</ele>
        <time>2025-12-27T05:54:22Z</time>
        <speed>1.1220944</speed>
      </trkpt>
      <trkpt lat="24.9391229" lon="110.4875436">
        <ele>111.78</ele>
        <time>2025-12-27T05:54:30Z</time>
        <speed>1.0330476</speed>
      </trkpt>
      <trkpt lat="24.9390262" lon="110.4875268">
        <ele>108.99</ele>
        <time>2025-12-27T05:54:38Z</time>
        <speed>1.0165764</speed>
      </trkpt>
      <trkpt lat="24.9389268" lon="110.4874984">
        <ele>106.8</ele>
        <time>2025-12-27T05:54:46Z</time>
        <speed>1.3331306</speed>
      </trkpt>
      <trkpt lat="24.9388289" lon="110.4874515">
        <ele>105.08</ele>
        <time>2025-12-27T05:54:56Z</time>
        <speed>1.0845197</speed>
      </trkpt>
      <trkpt lat="24.9387361" lon="110.4874132">
        <ele>103.5</ele>
        <time>2025-12-27T05:55:06Z</time>
        <speed>0.9038522</speed>
      </trkpt>
      <trkpt lat="24.9386469" lon="110.4873537">
        <ele>102.77</ele>
        <time>2025-12-27T05:55:26Z</time>
        <speed>0.61766666</speed>
      </trkpt>
      <trkpt lat="24.9385739" lon="110.487287">
        <ele>103.13</ele>
        <time>2025-12-27T05:55:36Z</time>
        <speed>1.0644456</speed>
      </trkpt>
      <trkpt lat="24.9385153" lon="110.4871916">
        <ele>103.11</ele>
        <time>2025-12-27T05:55:46Z</time>
        <speed>1.0953289</speed>
      </trkpt>
      <trkpt lat="24.9384622" lon="110.4871244">
        <ele>103.54</ele>
        <time>2025-12-27T05:56:02Z</time>
        <speed>0.0</speed>
      </trkpt>
      <trkpt lat="24.9383911" lon="110.4870734">
        <ele>104.12</ele>
        <time>2025-12-27T05:56:16Z</time>
        <speed>0.94245636</speed>
      </trkpt>
      <trkpt lat="24.9383887" lon="110.4869829">
        <ele>104.5</ele>
        <time>2025-12-27T05:56:38Z</time>
        <speed>1.2379069</speed>
      </trkpt>
      <trkpt lat="24.9384019" lon="110.4868819">
        <ele>105.1</ele>
        <time>2025-12-27T05:56:54Z</time>
        <speed>0.5723711</speed>
      </trkpt>
      <trkpt lat="24.9383734" lon="110.4869226">
        <ele>104.41</ele>
        <time>2025-12-27T05:57:36Z</time>
        <speed>0.8250997</speed>
      </trkpt>
      <trkpt lat="24.9382856" lon="110.4870028">
        <ele>104.02</ele>
        <time>2025-12-27T05:57:44Z</time>
        <speed>1.3882059</speed>
      </trkpt>
      <trkpt lat="24.9382221" lon="110.4871091">
        <ele>103.67</ele>
        <time>2025-12-27T05:57:50Z</time>
        <speed>1.8221166</speed>
      </trkpt>
      <trkpt lat="24.9381962" lon="110.4871641">
        <ele>103.77</ele>
        <time>2025-12-27T05:58:00Z</time>
        <speed>0.0</speed>
      </trkpt>
      <trkpt lat="24.938196" lon="110.4872595">
        <ele>103.95</ele>
        <time>2025-12-27T05:58:26Z</time>
        <speed>0.0</speed>
      </trkpt>
      <trkpt lat="24.9381094" lon="110.4872688">
        <ele>103.5</ele>
        <time>2025-12-27T05:58:46Z</time>
        <speed>0.0</speed>
      </trkpt>
      <trkpt lat="24.9379841" lon="110.4872269">
        <ele>101.65</ele>
        <time>2025-12-27T05:58:52Z</time>
        <speed>2.164407</speed>
      </trkpt>
      <trkpt lat="24.9378743" lon="110.4871902">
        <ele>100.3</ele>
        <time>2025-12-27T05:58:56Z</time>
        <speed>2.460887</speed>
      </trkpt>
      <trkpt lat="24.9377704" lon="110.4871575">
        <ele>99.22</ele>
        <time>2025-12-27T05:59:00Z</time>
        <speed>2.6631727</speed>
      </trkpt>
      <trkpt lat="24.937665" lon="110.4871473">
        <ele>98.01</ele>
        <time>2025-12-27T05:59:04Z</time>
        <speed>2.748102</speed>
      </trkpt>
      <trkpt lat="24.9375543" lon="110.4871451">
        <ele>97.4</ele>
        <time>2025-12-27T05:59:08Z</time>
        <speed>2.8901653</speed>
      </trkpt>
      <trkpt lat="24.9374407" lon="110.4871362">
        <ele>97.75</ele>
        <time>2025-12-27T05:59:12Z</time>
        <speed>3.027596</speed>
      </trkpt>
      <trkpt lat="24.9373415" lon="110.4870979">
        <ele>98.33</ele>
        <time>2025-12-27T05:59:16Z</time>
        <speed>3.051788</speed>
      </trkpt>
      <trkpt lat="24.9372392" lon="110.4870637">
        <ele>97.67</ele>
        <time>2025-12-27T05:59:20Z</time>
        <speed>3.0301697</speed>
      </trkpt>
      <trkpt lat="24.9371389" lon="110.4870376">
        <ele>96.74</ele>
        <time>2025-12-27T05:59:24Z</time>
        <speed>3.0013454</speed>
      </trkpt>
      <trkpt lat="24.937038" lon="110.4870189">
        <ele>96.25</ele>
        <time>2025-12-27T05:59:28Z</time>
        <speed>2.9066365</speed>
      </trkpt>
      <trkpt lat="24.9369216" lon="110.4870139">
        <ele>95.97</ele>
        <time>2025-12-27T05:59:34Z</time>
        <speed>2.4861083</speed>
      </trkpt>
      <trkpt lat="24.936822" lon="110.4870224">
        <ele>95.77</ele>
        <time>2025-12-27T05:59:44Z</time>
        <speed>0.6902425</speed>
      </trkpt>
      <trkpt lat="24.9367307" lon="110.4870772">
        <ele>94.96</ele>
        <time>2025-12-27T06:00:00Z</time>
        <speed>0.41177776</speed>
      </trkpt>
      <trkpt lat="24.9366356" lon="110.4870965">
        <ele>95.19</ele>
        <time>2025-12-27T06:00:12Z</time>
        <speed>0.67531556</speed>
      </trkpt>
      <trkpt lat="24.9365347" lon="110.4870732">
        <ele>96.23</ele>
        <time>2025-12-27T06:00:34Z</time>
        <speed>0.48795667</speed>
      </trkpt>
      <trkpt lat="24.936439" lon="110.4870509">
        <ele>98.63</ele>
        <time>2025-12-27T06:00:48Z</time>
        <speed>0.48280945</speed>
      </trkpt>
      <trkpt lat="24.9363504" lon="110.4870189">
        <ele>101.8</ele>
        <time>2025-12-27T06:01:10Z</time>
        <speed>0.42721945</speed>
      </trkpt>
      <trkpt lat="24.9362617" lon="110.4869933">
        <ele>105.84</ele>
        <time>2025-12-27T06:04:58Z</time>
        <speed>0.5404583</speed>
      </trkpt>
      <trkpt lat="24.9361683" lon="110.4869883">
        <ele>110.64</ele>
        <time>2025-12-27T06:05:06Z</time>
        <speed>0.8940725</speed>
      </trkpt>
      <trkpt lat="24.9360665" lon="110.4869565">
        <ele>112.99</ele>
        <time>2025-12-27T06:05:16Z</time>
        <speed>1.0001053</speed>
      </trkpt>
      <trkpt lat="24.935953" lon="110.4869496">
        <ele>113.47</ele>
        <time>2025-12-27T06:05:26Z</time>
        <speed>1.0454009</speed>
      </trkpt>
      <trkpt lat="24.9358582" lon="110.4869289">
        <ele>113.31</ele>
        <time>2025-12-27T06:05:40Z</time>
        <speed>0.67016834</speed>
      </trkpt>
      <trkpt lat="24.9358595" lon="110.486838">
        <ele>113.13</ele>
        <time>2025-12-27T06:05:54Z</time>
        <speed>0.9059111</speed>
      </trkpt>
      <trkpt lat="24.93586" lon="110.4867183">
        <ele>112.86</ele>
        <time>2025-12-27T06:07:30Z</time>
        <speed>0.019044721</speed>
      </trkpt>
      <trkpt lat="24.93588" lon="110.4868733">
        <ele>113.44</ele>
        <time>2025-12-27T06:09:41Z</time>
        <speed>0.0</speed>
      </trkpt>
      <trkpt lat="24.9358817" lon="110.48687">
        <ele>116.73</ele>
        <time>2025-12-27T06:09:45Z</time>
        <speed>0.0</speed>
      </trkpt>
      <trkpt lat="24.9358171" lon="110.4869344">
        <ele>118.61</ele>
        <time>2025-12-27T06:10:17Z</time>
        <speed>0.7633331</speed>
      </trkpt>
      <trkpt lat="24.9357214" lon="110.4869477">
        <ele>118.31</ele>
        <time>2025-12-27T06:10:25Z</time>
        <speed>1.2276125</speed>
      </trkpt>
      <trkpt lat="24.9356207" lon="110.4869491">
        <ele>116.84</ele>
        <time>2025-12-27T06:10:35Z</time>
        <speed>1.1560661</speed>
      </trkpt>
      <trkpt lat="24.9355188" lon="110.4869182">
        <ele>115.79</ele>
        <time>2025-12-27T06:10:45Z</time>
        <speed>1.2373922</speed>
      </trkpt>
      <trkpt lat="24.9354233" lon="110.4869015">
        <ele>115.02</ele>
        <time>2025-12-27T06:10:53Z</time>
        <speed>1.2116561</speed>
      </trkpt>
      <trkpt lat="24.9353189" lon="110.4868849">
        <ele>114.84</ele>
        <time>2025-12-27T06:11:03Z</time>
        <speed>1.2363628</speed>
      </trkpt>
      <trkpt lat="24.9352164" lon="110.4868865">
        <ele>114.09</ele>
        <time>2025-12-27T06:11:17Z</time>
        <speed>0.76384777</speed>
      </trkpt>
      <trkpt lat="24.9351253" lon="110.4868587">
        <ele>113.41</ele>
        <time>2025-12-27T06:11:23Z</time>
        <speed>1.4072505</speed>
      </trkpt>
      <trkpt lat="24.9350323" lon="110.486848">
        <ele>111.9</ele>
        <time>2025-12-27T06:11:29Z</time>
        <speed>1.7891744</speed>
      </trkpt>
      <trkpt lat="24.9349344" lon="110.4868686">
        <ele>108.93</ele>
        <time>2025-12-27T06:11:37Z</time>
        <speed>1.7294667</speed>
      </trkpt>
      <trkpt lat="24.9348396" lon="110.4868427">
        <ele>105.61</ele>
        <time>2025-12-27T06:11:45Z</time>
        <speed>1.3578372</speed>
      </trkpt>
      <trkpt lat="24.9347498" lon="110.4867991">
        <ele>104.66</ele>
        <time>2025-12-27T06:11:53Z</time>
        <speed>1.3938677</speed>
      </trkpt>
      <trkpt lat="24.9346505" lon="110.4867432">
        <ele>104.5</ele>
        <time>2025-12-27T06:12:01Z</time>
        <speed>1.4551197</speed>
      </trkpt>
      <trkpt lat="24.9345612" lon="110.4866995">
        <ele>104.63</ele>
        <time>2025-12-27T06:12:09Z</time>
        <speed>1.2065089</speed>
      </trkpt>
      <trkpt lat="24.9344696" lon="110.4866469">
        <ele>104.83</ele>
        <time>2025-12-27T06:12:17Z</time>
        <speed>1.3382778</speed>
      </trkpt>
      <trkpt lat="24.9343831" lon="110.4866">
        <ele>105.29</ele>
        <time>2025-12-27T06:12:23Z</time>
        <speed>1.4329866</speed>
      </trkpt>
      <trkpt lat="24.9342959" lon="110.4865633">
        <ele>105.9</ele>
        <time>2025-12-27T06:12:29Z</time>
        <speed>1.5668144</speed>
      </trkpt>
      <trkpt lat="24.9341981" lon="110.4865366">
        <ele>106.89</ele>
        <time>2025-12-27T06:12:37Z</time>
        <speed>1.3542342</speed>
      </trkpt>
      <trkpt lat="24.9340938" lon="110.486523">
        <ele>107.88</ele>
        <time>2025-12-27T06:12:45Z</time>
        <speed>1.50093</speed>
      </trkpt>
      <trkpt lat="24.9339901" lon="110.4865296">
        <ele>108.49</ele>
        <time>2025-12-27T06:12:53Z</time>
        <speed>1.5477697</speed>
      </trkpt>
      <trkpt lat="24.9338911" lon="110.4865487">
        <ele>108.71</ele>
        <time>2025-12-27T06:13:01Z</time>
        <speed>1.3773967</speed>
      </trkpt>
      <trkpt lat="24.933794" lon="110.4865606">
        <ele>108.62</ele>
        <time>2025-12-27T06:13:09Z</time>
        <speed>1.4036475</speed>
      </trkpt>
      <trkpt lat="24.9337039" lon="110.4865996">
        <ele>108.44</ele>
        <time>2025-12-27T06:13:17Z</time>
        <speed>1.3789408</speed>
      </trkpt>
      <trkpt lat="24.9336111" lon="110.4866468">
        <ele>107.39</ele>
        <time>2025-12-27T06:13:25Z</time>
        <speed>1.4257805</speed>
      </trkpt>
      <trkpt lat="24.9335093" lon="110.4866952">
        <ele>106.28</ele>
        <time>2025-12-27T06:13:33Z</time>
        <speed>1.4715909</speed>
      </trkpt>
      <trkpt lat="24.933418" lon="110.4867453">
        <ele>105.86</ele>
        <time>2025-12-27T06:13:41Z</time>
        <speed>1.5827708</speed>
      </trkpt>
      <trkpt lat="24.9333208" lon="110.4867989">
        <ele>106.09</ele>
        <time>2025-12-27T06:13:49Z</time>
        <speed>1.5462255</speed>
      </trkpt>
      <trkpt lat="24.9332238" lon="110.486837">
        <ele>106.22</ele>
        <time>2025-12-27T06:13:59Z</time>
        <speed>1.1668752</speed>
      </trkpt>
      <trkpt lat="24.9331331" lon="110.4868589">
        <ele>105.83</ele>
        <time>2025-12-27T06:14:05Z</time>
        <speed>1.3974708</speed>
      </trkpt>
      <trkpt lat="24.9330373" lon="110.4868756">
        <ele>106.07</ele>
        <time>2025-12-27T06:14:13Z</time>
        <speed>1.411883</speed>
      </trkpt>
      <trkpt lat="24.9329394" lon="110.486869">
        <ele>106.69</ele>
        <time>2025-12-27T06:14:23Z</time>
        <speed>1.1823169</speed>
      </trkpt>
      <trkpt lat="24.932827" lon="110.4868661">
        <ele>107.34</ele>
        <time>2025-12-27T06:14:33Z</time>
        <speed>1.417545</speed>
      </trkpt>
      <trkpt lat="24.9327308" lon="110.4868776">
        <ele>107.58</ele>
        <time>2025-12-27T06:14:41Z</time>
        <speed>1.0798873</speed>
      </trkpt>
      <trkpt lat="24.9326339" lon="110.4868688">
        <ele>106.9</ele>
        <time>2025-12-27T06:14:49Z</time>
        <speed>1.1256975</speed>
      </trkpt>
      <trkpt lat="24.9325275" lon="110.4868659">
        <ele>106.34</ele>
        <time>2025-12-27T06:14:57Z</time>
        <speed>1.3506311</speed>
      </trkpt>
      <trkpt lat="24.9324188" lon="110.4868711">
        <ele>105.16</ele>
        <time>2025-12-27T06:15:05Z</time>
        <speed>1.3547488</speed>
      </trkpt>
      <trkpt lat="24.9323134" lon="110.4868745">
        <ele>104.83</ele>
        <time>2025-12-27T06:15:13Z</time>
        <speed>1.3315864</speed>
      </trkpt>
      <trkpt lat="24.932212" lon="110.4868817">
        <ele>104.91</ele>
        <time>2025-12-27T06:15:21Z</time>
        <speed>1.2682755</speed>
      </trkpt>
      <trkpt lat="24.9321096" lon="110.4868941">
        <ele>104.56</ele>
        <time>2025-12-27T06:15:29Z</time>
        <speed>1.1534925</speed>
      </trkpt>
      <trkpt lat="24.9320079" lon="110.4868981">
        <ele>104.49</ele>
        <time>2025-12-27T06:15:37Z</time>
        <speed>1.2801142</speed>
      </trkpt>
      <trkpt lat="24.9319152" lon="110.4869036">
        <ele>104.84</ele>
        <time>2025-12-27T06:15:45Z</time>
        <speed>1.2270977</speed>
      </trkpt>
      <trkpt lat="24.9318106" lon="110.4869049">
        <ele>105.08</ele>
        <time>2025-12-27T06:15:55Z</time>
        <speed>1.1421686</speed>
      </trkpt>
      <trkpt lat="24.9317136" lon="110.4868971">
        <ele>105.6</ele>
        <time>2025-12-27T06:16:05Z</time>
        <speed>0.9213528</speed>
      </trkpt>
      <trkpt lat="24.9316174" lon="110.4869039">
        <ele>106.29</ele>
        <time>2025-12-27T06:16:15Z</time>
        <speed>1.0546658</speed>
      </trkpt>
      <trkpt lat="24.9315149" lon="110.4869078">
        <ele>106.42</ele>
        <time>2025-12-27T06:16:25Z</time>
        <speed>1.1550367</speed>
      </trkpt>
      <trkpt lat="24.93141" lon="110.4869027">
        <ele>106.33</ele>
        <time>2025-12-27T06:16:35Z</time>
        <speed>1.1148883</speed>
      </trkpt>
      <trkpt lat="24.9313119" lon="110.4868967">
        <ele>106.27</ele>
        <time>2025-12-27T06:16:43Z</time>
        <speed>1.2626137</speed>
      </trkpt>
      <trkpt lat="24.9312192" lon="110.4868896">
        <ele>106.37</ele>
        <time>2025-12-27T06:16:51Z</time>
        <speed>1.2445984</speed>
      </trkpt>
      <trkpt lat="24.9311281" lon="110.4868861">
        <ele>106.08</ele>
        <time>2025-12-27T06:16:59Z</time>
        <speed>1.250775</speed>
      </trkpt>
      <trkpt lat="24.9310385" lon="110.4868905">
        <ele>106.26</ele>
        <time>2025-12-27T06:17:07Z</time>
        <speed>1.3171742</speed>
      </trkpt>
      <trkpt lat="24.9309491" lon="110.4868926">
        <ele>106.24</ele>
        <time>2025-12-27T06:17:15Z</time>
        <speed>1.3099681</speed>
      </trkpt>
      <trkpt lat="24.9308558" lon="110.4868934">
        <ele>106.52</ele>
        <time>2025-12-27T06:17:23Z</time>
        <speed>1.3351895</speed>
      </trkpt>
      <trkpt lat="24.9307873" lon="110.4868823">
        <ele>106.73</ele>
        <time>2025-12-27T06:17:35Z</time>
        <speed>0.0</speed>
      </trkpt>
      <trkpt lat="24.9307003" lon="110.4868656">
        <ele>106.97</ele>
        <time>2025-12-27T06:17:57Z</time>
        <speed>1.0963583</speed>
      </trkpt>
      <trkpt lat="24.9306066" lon="110.4868438">
        <ele>107.72</ele>
        <time>2025-12-27T06:18:05Z</time>
        <speed>1.2569517</speed>
      </trkpt>
      <trkpt lat="24.9305408" lon="110.4867769">
        <ele>107.88</ele>
        <time>2025-12-27T06:18:19Z</time>
        <speed>0.8853222</speed>
      </trkpt>
      <trkpt lat="24.9305146" lon="110.4866704">
        <ele>108.41</ele>
        <time>2025-12-27T06:18:27Z</time>
        <speed>1.3959267</speed>
      </trkpt>
      <trkpt lat="24.9304878" lon="110.4865523">
        <ele>109.18</ele>
        <time>2025-12-27T06:18:35Z</time>
        <speed>1.2718786</speed>
      </trkpt>
      <trkpt lat="24.9304592" lon="110.4864447">
        <ele>109.75</ele>
        <time>2025-12-27T06:18:43Z</time>
        <speed>1.2224653</speed>
      </trkpt>
      <trkpt lat="24.9304298" lon="110.4863349">
        <ele>109.17</ele>
        <time>2025-12-27T06:18:51Z</time>
        <speed>1.2492309</speed>
      </trkpt>
      <trkpt lat="24.9303993" lon="110.4862201">
        <ele>109.61</ele>
        <time>2025-12-27T06:19:01Z</time>
        <speed>1.18592</speed>
      </trkpt>
      <trkpt lat="24.9303594" lon="110.4861039">
        <ele>109.99</ele>
        <time>2025-12-27T06:19:11Z</time>
        <speed>1.3089386</speed>
      </trkpt>
      <trkpt lat="24.930326" lon="110.4860004">
        <ele>110.34</ele>
        <time>2025-12-27T06:19:19Z</time>
        <speed>1.448943</speed>
      </trkpt>
      <trkpt lat="24.9302804" lon="110.4859118">
        <ele>109.89</ele>
        <time>2025-12-27T06:19:27Z</time>
        <speed>1.3259244</speed>
      </trkpt>
      <trkpt lat="24.9302326" lon="110.485827">
        <ele>109.16</ele>
        <time>2025-12-27T06:19:35Z</time>
        <speed>1.2739375</speed>
      </trkpt>
      <trkpt lat="24.9301798" lon="110.4857387">
        <ele>109.01</ele>
        <time>2025-12-27T06:19:43Z</time>
        <speed>1.3485723</speed>
      </trkpt>
      <trkpt lat="24.9301342" lon="110.4856383">
        <ele>109.31</ele>
        <time>2025-12-27T06:19:51Z</time>
        <speed>1.3820292</speed>
      </trkpt>
      <trkpt lat="24.9300869" lon="110.4855358">
        <ele>109.6</ele>
        <time>2025-12-27T06:19:59Z</time>
        <speed>1.513798</speed>
      </trkpt>
      <trkpt lat="24.9300124" lon="110.4854769">
        <ele>110.25</ele>
        <time>2025-12-27T06:20:09Z</time>
        <speed>1.0423125</speed>
      </trkpt>
      <trkpt lat="24.9299318" lon="110.485423">
        <ele>111.73</ele>
        <time>2025-12-27T06:20:19Z</time>
        <speed>0.94245636</speed>
      </trkpt>
      <trkpt lat="24.9298443" lon="110.4853689">
        <ele>113.14</ele>
        <time>2025-12-27T06:20:29Z</time>
        <speed>0.8786308</speed>
      </trkpt>
      <trkpt lat="24.9297478" lon="110.4853144">
        <ele>113.51</ele>
        <time>2025-12-27T06:20:37Z</time>
        <speed>0.9568686</speed>
      </trkpt>
      <trkpt lat="24.9296365" lon="110.4852816">
        <ele>113.46</ele>
        <time>2025-12-27T06:20:47Z</time>
        <speed>0.86061555</speed>
      </trkpt>
      <trkpt lat="24.9295346" lon="110.4852952">
        <ele>112.14</ele>
        <time>2025-12-27T06:20:55Z</time>
        <speed>1.0114292</speed>
      </trkpt>
      <trkpt lat="24.9294324" lon="110.4853431">
        <ele>110.36</ele>
        <time>2025-12-27T06:21:05Z</time>
        <speed>0.91311723</speed>
      </trkpt>
      <trkpt lat="24.9293253" lon="110.4853665">
        <ele>108.36</ele>
        <time>2025-12-27T06:21:15Z</time>
        <speed>1.1262122</speed>
      </trkpt>
      <trkpt lat="24.9292191" lon="110.4853974">
        <ele>107.0</ele>
        <time>2025-12-27T06:21:25Z</time>
        <speed>1.1128294</speed>
      </trkpt>
      <trkpt lat="24.9291185" lon="110.4854128">
        <ele>106.44</ele>
        <time>2025-12-27T06:21:35Z</time>
        <speed>1.0505481</speed>
      </trkpt>
      <trkpt lat="24.9290214" lon="110.4854482">
        <ele>106.68</ele>
        <time>2025-12-27T06:21:45Z</time>
        <speed>1.0176058</speed>
      </trkpt>
      <trkpt lat="24.9289203" lon="110.4854814">
        <ele>106.52</ele>
        <time>2025-12-27T06:21:53Z</time>
        <speed>1.1318742</speed>
      </trkpt>
      <trkpt lat="24.9288337" lon="110.4855279">
        <ele>105.95</ele>
        <time>2025-12-27T06:22:01Z</time>
        <speed>1.18592</speed>
      </trkpt>
      <trkpt lat="24.9287524" lon="110.4855789">
        <ele>104.34</ele>
        <time>2025-12-27T06:22:11Z</time>
        <speed>1.0320181</speed>
      </trkpt>
      <trkpt lat="24.9287062" lon="110.4856044">
        <ele>102.64</ele>
        <time>2025-12-27T06:22:19Z</time>
        <speed>0.0</speed>
      </trkpt>
      <trkpt lat="24.9286357" lon="110.4856374">
        <ele>101.51</ele>
        <time>2025-12-27T06:22:29Z</time>
        <speed>0.84723276</speed>
      </trkpt>
      <trkpt lat="24.9285378" lon="110.4856842">
        <ele>100.69</ele>
        <time>2025-12-27T06:22:37Z</time>
        <speed>1.3393072</speed>
      </trkpt>
      <trkpt lat="24.9284387" lon="110.4857286">
        <ele>100.74</ele>
        <time>2025-12-27T06:22:45Z</time>
        <speed>1.328498</speed>
      </trkpt>
      <trkpt lat="24.9284084" lon="110.4857414">
        <ele>101.11</ele>
        <time>2025-12-27T06:22:49Z</time>
        <speed>0.0</speed>
      </trkpt>
      <trkpt lat="24.9283253" lon="110.4857787">
        <ele>101.45</ele>
        <time>2025-12-27T06:23:11Z</time>
        <speed>0.42258695</speed>
      </trkpt>
      <trkpt lat="24.9282245" lon="110.4858404">
        <ele>101.43</ele>
        <time>2025-12-27T06:23:19Z</time>
        <speed>1.5318134</speed>
      </trkpt>
      <trkpt lat="24.9281297" lon="110.4859117">
        <ele>101.5</ele>
        <time>2025-12-27T06:23:27Z</time>
        <speed>1.5544611</speed>
      </trkpt>
      <trkpt lat="24.9280475" lon="110.485985">
        <ele>101.85</ele>
        <time>2025-12-27T06:23:35Z</time>
        <speed>1.3254098</speed>
      </trkpt>
      <trkpt lat="24.9279603" lon="110.486045">
        <ele>102.47</ele>
        <time>2025-12-27T06:23:43Z</time>
        <speed>1.3398219</speed>
      </trkpt>
      <trkpt lat="24.9278797" lon="110.4861007">
        <ele>103.13</ele>
        <time>2025-12-27T06:23:51Z</time>
        <speed>1.245113</speed>
      </trkpt>
      <trkpt lat="24.9277864" lon="110.48617">
        <ele>102.94</ele>
        <time>2025-12-27T06:23:59Z</time>
        <speed>1.4314425</speed>
      </trkpt>
      <trkpt lat="24.9276945" lon="110.486241">
        <ele>102.24</ele>
        <time>2025-12-27T06:24:07Z</time>
        <speed>1.2631283</speed>
      </trkpt>
      <trkpt lat="24.9276199" lon="110.4863096">
        <ele>101.66</ele>
        <time>2025-12-27T06:24:21Z</time>
        <speed>0.5322228</speed>
      </trkpt>
      <trkpt lat="24.9275255" lon="110.4863443">
        <ele>101.51</ele>
        <time>2025-12-27T06:24:39Z</time>
        <speed>0.71855223</speed>
      </trkpt>
      <trkpt lat="24.9274381" lon="110.4863979">
        <ele>101.72</ele>
        <time>2025-12-27T06:24:49Z</time>
        <speed>1.102535</speed>
      </trkpt>
      <trkpt lat="24.9273826" lon="110.4864352">
        <ele>102.14</ele>
        <time>2025-12-27T06:25:01Z</time>
        <speed>0.0</speed>
      </trkpt>
      <trkpt lat="24.9272987" lon="110.4864802">
        <ele>102.47</ele>
        <time>2025-12-27T06:25:17Z</time>
        <speed>1.0279002</speed>
      </trkpt>
      <trkpt lat="24.9272214" lon="110.4865376">
        <ele>102.4</ele>
        <time>2025-12-27T06:25:29Z</time>
        <speed>0.0</speed>
      </trkpt>
      <trkpt lat="24.9271447" lon="110.4865972">
        <ele>102.87</ele>
        <time>2025-12-27T06:25:39Z</time>
        <speed>0.97333974</speed>
      </trkpt>
      <trkpt lat="24.9270594" lon="110.4866643">
        <ele>103.01</ele>
        <time>2025-12-27T06:25:49Z</time>
        <speed>1.198788</speed>
      </trkpt>
      <trkpt lat="24.9269808" lon="110.4867438">
        <ele>103.31</ele>
        <time>2025-12-27T06:25:59Z</time>
        <speed>1.0912111</speed>
      </trkpt>
      <trkpt lat="24.9269065" lon="110.4868096">
        <ele>103.61</ele>
        <time>2025-12-27T06:26:11Z</time>
        <speed>0.73450863</speed>
      </trkpt>
      <trkpt lat="24.926821" lon="110.4868743">
        <ele>103.17</ele>
        <time>2025-12-27T06:26:21Z</time>
        <speed>1.1076822</speed>
      </trkpt>
      <trkpt lat="24.9267275" lon="110.4869327">
        <ele>102.41</ele>
        <time>2025-12-27T06:26:31Z</time>
        <speed>1.0870934</speed>
      </trkpt>
      <trkpt lat="24.9266589" lon="110.4870189">
        <ele>101.63</ele>
        <time>2025-12-27T06:26:39Z</time>
        <speed>1.3789408</speed>
      </trkpt>
      <trkpt lat="24.9265839" lon="110.4870819">
        <ele>100.37</ele>
        <time>2025-12-27T06:26:47Z</time>
        <speed>1.2914381</speed>
      </trkpt>
      <trkpt lat="24.926508" lon="110.4871439">
        <ele>99.95</ele>
        <time>2025-12-27T06:26:55Z</time>
        <speed>1.2672461</speed>
      </trkpt>
      <trkpt lat="24.9264254" lon="110.4872036">
        <ele>99.33</ele>
        <time>2025-12-27T06:27:05Z</time>
        <speed>1.1781992</speed>
      </trkpt>
      <trkpt lat="24.926339" lon="110.4872653">
        <ele>99.4</ele>
        <time>2025-12-27T06:27:15Z</time>
        <speed>1.2090825</speed>
      </trkpt>
      <trkpt lat="24.9263067" lon="110.4873044">
        <ele>99.57</ele>
        <time>2025-12-27T06:27:27Z</time>
        <speed>0.0</speed>
      </trkpt>
      <trkpt lat="24.9262356" lon="110.4873527">
        <ele>99.2</ele>
        <time>2025-12-27T06:27:41Z</time>
        <speed>0.8492917</speed>
      </trkpt>
      <trkpt lat="24.9261477" lon="110.4874194">
        <ele>98.73</ele>
        <time>2025-12-27T06:27:51Z</time>
        <speed>1.1128294</speed>
      </trkpt>
      <trkpt lat="24.9260593" lon="110.4875019">
        <ele>98.5</ele>
        <time>2025-12-27T06:28:01Z</time>
        <speed>1.1658459</speed>
      </trkpt>
      <trkpt lat="24.9259832" lon="110.4875891">
        <ele>98.67</ele>
        <time>2025-12-27T06:28:09Z</time>
        <speed>1.4448253</speed>
      </trkpt>
      <trkpt lat="24.9259048" lon="110.4876742">
        <ele>98.43</ele>
        <time>2025-12-27T06:28:17Z</time>
        <speed>1.5729911</speed>
      </trkpt>
      <trkpt lat="24.9258315" lon="110.4877451">
        <ele>97.3</ele>
        <time>2025-12-27T06:28:25Z</time>
        <speed>1.3264391</speed>
      </trkpt>
      <trkpt lat="24.9257689" lon="110.4878216">
        <ele>97.13</ele>
        <time>2025-12-27T06:28:33Z</time>
        <speed>1.5318134</speed>
      </trkpt>
      <trkpt lat="24.9256985" lon="110.4879133">
        <ele>97.98</ele>
        <time>2025-12-27T06:28:43Z</time>
        <speed>1.3928384</speed>
      </trkpt>
      <trkpt lat="24.9256196" lon="110.4879955">
        <ele>98.89</ele>
        <time>2025-12-27T06:28:53Z</time>
        <speed>1.3115122</speed>
      </trkpt>
      <trkpt lat="24.9255551" lon="110.4880796">
        <ele>99.58</ele>
        <time>2025-12-27T06:29:03Z</time>
        <speed>1.1416539</speed>
      </trkpt>
      <trkpt lat="24.9254876" lon="110.488167">
        <ele>99.85</ele>
        <time>2025-12-27T06:29:11Z</time>
        <speed>1.4309278</speed>
      </trkpt>
      <trkpt lat="24.925416" lon="110.4882481">
        <ele>100.13</ele>
        <time>2025-12-27T06:29:19Z</time>
        <speed>1.4525461</speed>
      </trkpt>
      <trkpt lat="24.9253515" lon="110.4883228">
        <ele>99.69</ele>
        <time>2025-12-27T06:29:27Z</time>
        <speed>1.3861469</speed>
      </trkpt>
      <trkpt lat="24.9252697" lon="110.4883705">
        <ele>99.39</ele>
        <time>2025-12-27T06:29:35Z</time>
        <speed>1.2816583</speed>
      </trkpt>
      <trkpt lat="24.9251814" lon="110.48844">
        <ele>98.79</ele>
        <time>2025-12-27T06:29:47Z</time>
        <speed>0.9151761</speed>
      </trkpt>
      <trkpt lat="24.9251051" lon="110.4885167">
        <ele>98.02</ele>
        <time>2025-12-27T06:29:57Z</time>
        <speed>0.93319136</speed>
      </trkpt>
      <trkpt lat="24.9250329" lon="110.4885858">
        <ele>97.75</ele>
        <time>2025-12-27T06:30:05Z</time>
        <speed>1.3197478</speed>
      </trkpt>
      <trkpt lat="24.9249593" lon="110.488664">
        <ele>97.39</ele>
        <time>2025-12-27T06:30:15Z</time>
        <speed>1.1390803</speed>
      </trkpt>
      <trkpt lat="24.9248887" lon="110.488732">
        <ele>97.31</ele>
        <time>2025-12-27T06:30:23Z</time>
        <speed>1.1982733</speed>
      </trkpt>
      <trkpt lat="24.9248177" lon="110.4887995">
        <ele>97.26</ele>
        <time>2025-12-27T06:30:31Z</time>
        <speed>1.3346747</speed>
      </trkpt>
      <trkpt lat="24.9247452" lon="110.4888835">
        <ele>97.62</ele>
        <time>2025-12-27T06:30:41Z</time>
        <speed>1.2811437</speed>
      </trkpt>
      <trkpt lat="24.9246783" lon="110.488965">
        <ele>97.74</ele>
        <time>2025-12-27T06:30:49Z</time>
        <speed>1.3310716</speed>
      </trkpt>
      <trkpt lat="24.9246121" lon="110.4890434">
        <ele>98.24</ele>
        <time>2025-12-27T06:30:57Z</time>
        <speed>1.2945263</speed>
      </trkpt>
      <trkpt lat="24.9245473" lon="110.4891255">
        <ele>98.65</ele>
        <time>2025-12-27T06:31:05Z</time>
        <speed>1.3629844</speed>
      </trkpt>
      <trkpt lat="24.9244714" lon="110.4892089">
        <ele>98.93</ele>
        <time>2025-12-27T06:31:15Z</time>
        <speed>0.94657415</speed>
      </trkpt>
      <trkpt lat="24.9244039" lon="110.4892952">
        <ele>99.05</ele>
        <time>2025-12-27T06:31:25Z</time>
        <speed>1.0356212</speed>
      </trkpt>
      <trkpt lat="24.9243361" lon="110.4893885">
        <ele>99.37</ele>
        <time>2025-12-27T06:31:35Z</time>
        <speed>1.0294445</speed>
      </trkpt>
      <trkpt lat="24.9242857" lon="110.4894792">
        <ele>99.68</ele>
        <time>2025-12-27T06:31:43Z</time>
        <speed>1.0474597</speed>
      </trkpt>
      <trkpt lat="24.9242414" lon="110.4895747">
        <ele>100.16</ele>
        <time>2025-12-27T06:31:51Z</time>
        <speed>1.1740814</speed>
      </trkpt>
      <trkpt lat="24.924196" lon="110.489663">
        <ele>101.56</ele>
        <time>2025-12-27T06:31:57Z</time>
        <speed>1.328498</speed>
      </trkpt>
      <trkpt lat="24.9241504" lon="110.4897646">
        <ele>103.08</ele>
        <time>2025-12-27T06:32:05Z</time>
        <speed>1.3094534</speed>
      </trkpt>
      <trkpt lat="24.9241145" lon="110.4898626">
        <ele>104.38</ele>
        <time>2025-12-27T06:32:15Z</time>
        <speed>0.8729689</speed>
      </trkpt>
      <trkpt lat="24.9240794" lon="110.4899749">
        <ele>105.72</ele>
        <time>2025-12-27T06:32:23Z</time>
        <speed>1.1375362</speed>
      </trkpt>
      <trkpt lat="24.9240451" lon="110.4900785">
        <ele>107.05</ele>
        <time>2025-12-27T06:32:31Z</time>
        <speed>1.2363628</speed>
      </trkpt>
      <trkpt lat="24.9239984" lon="110.4901781">
        <ele>108.1</ele>
        <time>2025-12-27T06:32:39Z</time>
        <speed>1.376882</speed>
      </trkpt>
      <trkpt lat="24.9239617" lon="110.4902812">
        <ele>109.05</ele>
        <time>2025-12-27T06:32:47Z</time>
        <speed>1.4093094</speed>
      </trkpt>
      <trkpt lat="24.9239206" lon="110.4903734">
        <ele>109.41</ele>
        <time>2025-12-27T06:32:55Z</time>
        <speed>1.2512897</speed>
      </trkpt>
      <trkpt lat="24.9238689" lon="110.490454">
        <ele>109.28</ele>
        <time>2025-12-27T06:33:07Z</time>
        <speed>0.7257583</speed>
      </trkpt>
      <trkpt lat="24.9238258" lon="110.4905484">
        <ele>108.86</ele>
        <time>2025-12-27T06:33:17Z</time>
        <speed>1.07474</speed>
      </trkpt>
      <trkpt lat="24.9237891" lon="110.4906488">
        <ele>108.66</ele>
        <time>2025-12-27T06:33:27Z</time>
        <speed>0.99907583</speed>
      </trkpt>
      <trkpt lat="24.9237596" lon="110.4907587">
        <ele>108.68</ele>
        <time>2025-12-27T06:33:37Z</time>
        <speed>1.1550367</speed>
      </trkpt>
      <trkpt lat="24.9237361" lon="110.4908628">
        <ele>108.52</ele>
        <time>2025-12-27T06:33:45Z</time>
        <speed>1.1097411</speed>
      </trkpt>
      <trkpt lat="24.9237141" lon="110.4909615">
        <ele>108.12</ele>
        <time>2025-12-27T06:33:53Z</time>
        <speed>1.0263561</speed>
      </trkpt>
      <trkpt lat="24.9236982" lon="110.4910594">
        <ele>107.6</ele>
        <time>2025-12-27T06:34:01Z</time>
        <speed>1.0767989</speed>
      </trkpt>
      <trkpt lat="24.9236842" lon="110.4911623">
        <ele>107.17</ele>
        <time>2025-12-27T06:34:11Z</time>
        <speed>0.94657415</speed>
      </trkpt>
      <trkpt lat="24.9236691" lon="110.4912746">
        <ele>106.36</ele>
        <time>2025-12-27T06:34:19Z</time>
        <speed>1.0778283</speed>
      </trkpt>
      <trkpt lat="24.9236368" lon="110.491379">
        <ele>105.78</ele>
        <time>2025-12-27T06:34:27Z</time>
        <speed>1.2919527</speed>
      </trkpt>
      <trkpt lat="24.9235982" lon="110.4914874">
        <ele>105.53</ele>
        <time>2025-12-27T06:34:35Z</time>
        <speed>1.4515166</speed>
      </trkpt>
      <trkpt lat="24.9235543" lon="110.491591">
        <ele>105.65</ele>
        <time>2025-12-27T06:34:47Z</time>
        <speed>0.843115</speed>
      </trkpt>
      <trkpt lat="24.9235256" lon="110.4916928">
        <ele>105.8</ele>
        <time>2025-12-27T06:34:55Z</time>
        <speed>1.0309886</speed>
      </trkpt>
      <trkpt lat="24.9235119" lon="110.4917979">
        <ele>105.54</ele>
        <time>2025-12-27T06:35:03Z</time>
        <speed>1.1133442</speed>
      </trkpt>
      <trkpt lat="24.9235008" lon="110.4919106">
        <ele>104.83</ele>
        <time>2025-12-27T06:35:13Z</time>
        <speed>0.87142473</speed>
      </trkpt>
      <trkpt lat="24.9234957" lon="110.4920172">
        <ele>104.17</ele>
        <time>2025-12-27T06:35:21Z</time>
        <speed>1.0119439</speed>
      </trkpt>
      <trkpt lat="24.9234847" lon="110.4921187">
        <ele>104.01</ele>
        <time>2025-12-27T06:35:29Z</time>
        <speed>1.2198917</speed>
      </trkpt>
      <trkpt lat="24.9234758" lon="110.4922221">
        <ele>104.22</ele>
        <time>2025-12-27T06:35:37Z</time>
        <speed>1.22298</speed>
      </trkpt>
      <trkpt lat="24.9234651" lon="110.492329">
        <ele>104.04</ele>
        <time>2025-12-27T06:35:45Z</time>
        <speed>1.1936408</speed>
      </trkpt>
      <trkpt lat="24.9234637" lon="110.4924386">
        <ele>103.68</ele>
        <time>2025-12-27T06:35:53Z</time>
        <speed>1.2512897</speed>
      </trkpt>
      <trkpt lat="24.9234681" lon="110.492554">
        <ele>103.99</ele>
        <time>2025-12-27T06:36:01Z</time>
        <speed>1.4793117</speed>
      </trkpt>
      <trkpt lat="24.9234692" lon="110.4926588">
        <ele>104.04</ele>
        <time>2025-12-27T06:36:09Z</time>
        <speed>1.2806289</speed>
      </trkpt>
      <trkpt lat="24.923461" lon="110.4927742">
        <ele>104.15</ele>
        <time>2025-12-27T06:36:19Z</time>
        <speed>1.2003322</speed>
      </trkpt>
      <trkpt lat="24.9234593" lon="110.4928915">
        <ele>104.47</ele>
        <time>2025-12-27T06:36:29Z</time>
        <speed>1.2023911</speed>
      </trkpt>
      <trkpt lat="24.9234591" lon="110.4930002">
        <ele>104.66</ele>
        <time>2025-12-27T06:36:37Z</time>
        <speed>1.2919527</speed>
      </trkpt>
      <trkpt lat="24.9234644" lon="110.4931017">
        <ele>104.93</ele>
        <time>2025-12-27T06:36:45Z</time>
        <speed>1.2502602</speed>
      </trkpt>
      <trkpt lat="24.9234615" lon="110.4932034">
        <ele>104.88</ele>
        <time>2025-12-27T06:36:57Z</time>
        <speed>0.6536972</speed>
      </trkpt>
      <trkpt lat="24.923464" lon="110.4933045">
        <ele>104.67</ele>
        <time>2025-12-27T06:37:05Z</time>
        <speed>1.0731958</speed>
      </trkpt>
      <trkpt lat="24.9234587" lon="110.4934194">
        <ele>104.43</ele>
        <time>2025-12-27T06:37:15Z</time>
        <speed>1.2234948</speed>
      </trkpt>
      <trkpt lat="24.9234492" lon="110.4935282">
        <ele>103.98</ele>
        <time>2025-12-27T06:37:27Z</time>
        <speed>0.8621597</speed>
      </trkpt>
      <trkpt lat="24.9234484" lon="110.4936367">
        <ele>103.86</ele>
        <time>2025-12-27T06:37:35Z</time>
        <speed>1.3660728</speed>
      </trkpt>
      <trkpt lat="24.92345" lon="110.4937388">
        <ele>102.8</ele>
        <time>2025-12-27T06:37:45Z</time>
        <speed>1.0855491</speed>
      </trkpt>
      <trkpt lat="24.9234285" lon="110.4937935">
        <ele>101.12</ele>
        <time>2025-12-27T06:38:01Z</time>
        <speed>0.0</speed>
      </trkpt>
      <trkpt lat="24.9234417" lon="110.4938783">
        <ele>98.58</ele>
        <time>2025-12-27T06:40:33Z</time>
        <speed>0.5270755</speed>
      </trkpt>
      <trkpt lat="24.9234367" lon="110.4939917">
        <ele>95.06</ele>
        <time>2025-12-27T06:40:43Z</time>
        <speed>1.2224653</speed>
      </trkpt>
      <trkpt lat="24.9234288" lon="110.4940951">
        <ele>93.31</ele>
        <time>2025-12-27T06:40:51Z</time>
        <speed>1.3809997</speed>
      </trkpt>
      <trkpt lat="24.9234334" lon="110.494202">
        <ele>93.31</ele>
        <time>2025-12-27T06:41:03Z</time>
        <speed>1.0479745</speed>
      </trkpt>
      <trkpt lat="24.9234318" lon="110.4943048">
        <ele>94.21</ele>
        <time>2025-12-27T06:41:13Z</time>
        <speed>0.9604717</speed>
      </trkpt>
      <trkpt lat="24.9234338" lon="110.4944088">
        <ele>95.67</ele>
        <time>2025-12-27T06:41:23Z</time>
        <speed>0.9259853</speed>
      </trkpt>
      <trkpt lat="24.9234222" lon="110.4945084">
        <ele>96.93</ele>
        <time>2025-12-27T06:41:33Z</time>
        <speed>0.94657415</speed>
      </trkpt>
      <trkpt lat="24.9233954" lon="110.4946064">
        <ele>97.82</ele>
        <time>2025-12-27T06:41:47Z</time>
        <speed>0.70105165</speed>
      </trkpt>
      <trkpt lat="24.9233925" lon="110.4947142">
        <ele>98.8</ele>
        <time>2025-12-27T06:42:09Z</time>
        <speed>0.71186084</speed>
      </trkpt>
      <trkpt lat="24.9233657" lon="110.4948157">
        <ele>100.52</ele>
        <time>2025-12-27T06:42:31Z</time>
        <speed>0.43905807</speed>
      </trkpt>
      <trkpt lat="24.9233633" lon="110.4949309">
        <ele>101.54</ele>
        <time>2025-12-27T06:42:43Z</time>
        <speed>0.9110583</speed>
      </trkpt>
      <trkpt lat="24.9233557" lon="110.4950486">
        <ele>101.61</ele>
        <time>2025-12-27T06:42:55Z</time>
        <speed>0.8966461</speed>
      </trkpt>
      <trkpt lat="24.9233391" lon="110.4951641">
        <ele>101.74</ele>
        <time>2025-12-27T06:43:09Z</time>
        <speed>0.78186303</speed>
      </trkpt>
      <trkpt lat="24.9233003" lon="110.4952658">
        <ele>101.16</ele>
        <time>2025-12-27T06:43:27Z</time>
        <speed>0.39479193</speed>
      </trkpt>
      <trkpt lat="24.9232839" lon="110.495371">
        <ele>100.96</ele>
        <time>2025-12-27T06:43:39Z</time>
        <speed>0.9476036</speed>
      </trkpt>
      <trkpt lat="24.9232758" lon="110.4954795">
        <ele>100.94</ele>
        <time>2025-12-27T06:43:55Z</time>
        <speed>0.36751166</speed>
      </trkpt>
      <trkpt lat="24.923264" lon="110.4955943">
        <ele>101.05</ele>
        <time>2025-12-27T06:44:05Z</time>
        <speed>1.0371653</speed>
      </trkpt>
      <trkpt lat="24.9232376" lon="110.4957013">
        <ele>101.93</ele>
        <time>2025-12-27T06:44:15Z</time>
        <speed>1.0371653</speed>
      </trkpt>
      <trkpt lat="24.9232195" lon="110.4958026">
        <ele>102.86</ele>
        <time>2025-12-27T06:44:25Z</time>
        <speed>1.00062</speed>
      </trkpt>
      <trkpt lat="24.9232202" lon="110.4959145">
        <ele>104.99</ele>
        <time>2025-12-27T06:44:37Z</time>
        <speed>0.88635164</speed>
      </trkpt>
      <trkpt lat="24.9232214" lon="110.4960195">
        <ele>106.46</ele>
        <time>2025-12-27T06:44:45Z</time>
        <speed>1.0057672</speed>
      </trkpt>
      <trkpt lat="24.9232129" lon="110.4961191">
        <ele>107.03</ele>
        <time>2025-12-27T06:44:53Z</time>
        <speed>1.154522</speed>
      </trkpt>
      <trkpt lat="24.9232129" lon="110.4962331">
        <ele>107.58</ele>
        <time>2025-12-27T06:45:03Z</time>
        <speed>0.87142473</speed>
      </trkpt>
      <trkpt lat="24.9232174" lon="110.4963391">
        <ele>107.16</ele>
        <time>2025-12-27T06:45:11Z</time>
        <speed>1.0273856</speed>
      </trkpt>
      <trkpt lat="24.9232056" lon="110.4964591">
        <ele>106.01</ele>
        <time>2025-12-27T06:45:21Z</time>
        <speed>0.9470889</speed>
      </trkpt>
      <trkpt lat="24.9231901" lon="110.4965806">
        <ele>105.32</ele>
        <time>2025-12-27T06:45:29Z</time>
        <speed>1.3743083</speed>
      </trkpt>
      <trkpt lat="24.9231937" lon="110.4966882">
        <ele>104.88</ele>
        <time>2025-12-27T06:45:37Z</time>
        <speed>1.1390803</speed>
      </trkpt>
      <trkpt lat="24.9231938" lon="110.4967989">
        <ele>105.49</ele>
        <time>2025-12-27T06:45:45Z</time>
        <speed>1.2713639</speed>
      </trkpt>
      <trkpt lat="24.9231955" lon="110.4969039">
        <ele>105.67</ele>
        <time>2025-12-27T06:45:53Z</time>
        <speed>1.2065089</speed>
      </trkpt>
      <trkpt lat="24.9232101" lon="110.4970319">
        <ele>105.21</ele>
        <time>2025-12-27T06:46:01Z</time>
        <speed>1.3398219</speed>
      </trkpt>
      <trkpt lat="24.9232155" lon="110.4971474">
        <ele>104.26</ele>
        <time>2025-12-27T06:46:07Z</time>
        <speed>1.3846028</speed>
      </trkpt>
      <trkpt lat="24.9232079" lon="110.4972748">
        <ele>103.76</ele>
        <time>2025-12-27T06:46:15Z</time>
        <speed>1.4952681</speed>
      </trkpt>
      <trkpt lat="24.9232069" lon="110.4973929">
        <ele>103.65</ele>
        <time>2025-12-27T06:46:25Z</time>
        <speed>1.0603278</speed>
      </trkpt>
      <trkpt lat="24.9232053" lon="110.4975007">
        <ele>103.5</ele>
        <time>2025-12-27T06:46:33Z</time>
        <speed>1.35269</speed>
      </trkpt>
      <trkpt lat="24.9232098" lon="110.4976125">
        <ele>102.94</ele>
        <time>2025-12-27T06:46:41Z</time>
        <speed>1.3722495</speed>
      </trkpt>
      <trkpt lat="24.9232103" lon="110.4977314">
        <ele>102.54</ele>
        <time>2025-12-27T06:46:51Z</time>
        <speed>1.0474597</speed>
      </trkpt>
      <trkpt lat="24.9232279" lon="110.4978518">
        <ele>101.57</ele>
        <time>2025-12-27T06:47:01Z</time>
        <speed>1.0088556</speed>
      </trkpt>
      <trkpt lat="24.9232429" lon="110.4979574">
        <ele>100.55</ele>
        <time>2025-12-27T06:47:09Z</time>
        <speed>1.3079091</speed>
      </trkpt>
      <trkpt lat="24.9232399" lon="110.4980712">
        <ele>99.11</ele>
        <time>2025-12-27T06:47:17Z</time>
        <speed>1.4494578</speed>
      </trkpt>
      <trkpt lat="24.9232499" lon="110.4981873">
        <ele>97.69</ele>
        <time>2025-12-27T06:47:25Z</time>
        <speed>1.4926945</speed>
      </trkpt>
      <trkpt lat="24.9232706" lon="110.4982979">
        <ele>96.87</ele>
        <time>2025-12-27T06:47:35Z</time>
        <speed>1.0428272</speed>
      </trkpt>
      <trkpt lat="24.9232898" lon="110.4984164">
        <ele>96.97</ele>
        <time>2025-12-27T06:47:45Z</time>
        <speed>1.0855491</speed>
      </trkpt>
      <trkpt lat="24.9233178" lon="110.4985229">
        <ele>98.19</ele>
        <time>2025-12-27T06:47:53Z</time>
        <speed>1.2234948</speed>
      </trkpt>
      <trkpt lat="24.9233274" lon="110.4986335">
        <ele>100.39</ele>
        <time>2025-12-27T06:48:01Z</time>
        <speed>1.213715</speed>
      </trkpt>
      <trkpt lat="24.9233383" lon="110.4987361">
        <ele>103.23</ele>
        <time>2025-12-27T06:48:09Z</time>
        <speed>1.1009909</speed>
      </trkpt>
      <trkpt lat="24.923358" lon="110.4988445">
        <ele>105.54</ele>
        <time>2025-12-27T06:48:19Z</time>
        <speed>1.0608425</speed>
      </trkpt>
      <trkpt lat="24.9233811" lon="110.4989718">
        <ele>106.81</ele>
        <time>2025-12-27T06:48:29Z</time>
        <speed>1.1740814</speed>
      </trkpt>
      <trkpt lat="24.9233939" lon="110.4990822">
        <ele>107.32</ele>
        <time>2025-12-27T06:48:35Z</time>
        <speed>1.358352</speed>
      </trkpt>
      <trkpt lat="24.9234001" lon="110.4991915">
        <ele>107.44</ele>
        <time>2025-12-27T06:48:43Z</time>
        <speed>1.084005</speed>
      </trkpt>
      <trkpt lat="24.9234092" lon="110.4993133">
        <ele>107.68</ele>
        <time>2025-12-27T06:48:51Z</time>
        <speed>1.4298984</speed>
      </trkpt>
      <trkpt lat="24.9234224" lon="110.4994187">
        <ele>107.78</ele>
        <time>2025-12-27T06:49:01Z</time>
        <speed>0.81532</speed>
      </trkpt>
      <trkpt lat="24.923436" lon="110.4995187">
        <ele>107.44</ele>
        <time>2025-12-27T06:49:09Z</time>
        <speed>1.0181205</speed>
      </trkpt>
      <trkpt lat="24.9234522" lon="110.4996262">
        <ele>106.99</ele>
        <time>2025-12-27T06:49:19Z</time>
        <speed>0.8940725</speed>
      </trkpt>
      <trkpt lat="24.9234679" lon="110.4997445">
        <ele>106.44</ele>
        <time>2025-12-27T06:49:27Z</time>
        <speed>1.2245241</speed>
      </trkpt>
      <trkpt lat="24.923487" lon="110.4998579">
        <ele>106.16</ele>
        <time>2025-12-27T06:49:37Z</time>
        <speed>0.88068974</speed>
      </trkpt>
      <trkpt lat="24.9235035" lon="110.4999614">
        <ele>105.92</ele>
        <time>2025-12-27T06:49:43Z</time>
        <speed>1.1133442</speed>
      </trkpt>
      <trkpt lat="24.9235125" lon="110.5000762">
        <ele>105.22</ele>
        <time>2025-12-27T06:49:51Z</time>
        <speed>1.1426834</speed>
      </trkpt>
      <trkpt lat="24.9235252" lon="110.5001919">
        <ele>104.22</ele>
        <time>2025-12-27T06:49:59Z</time>
        <speed>1.40828</speed>
      </trkpt>
      <trkpt lat="24.923532" lon="110.5003038">
        <ele>103.87</ele>
        <time>2025-12-27T06:50:07Z</time>
        <speed>1.4005592</speed>
      </trkpt>
      <trkpt lat="24.9235543" lon="110.5004154">
        <ele>103.97</ele>
        <time>2025-12-27T06:50:17Z</time>
        <speed>1.1648164</speed>
      </trkpt>
      <trkpt lat="24.9235876" lon="110.5005357">
        <ele>104.2</ele>
        <time>2025-12-27T06:50:27Z</time>
        <speed>1.16739</speed>
      </trkpt>
      <trkpt lat="24.9236204" lon="110.5006454">
        <ele>104.84</ele>
        <time>2025-12-27T06:50:35Z</time>
        <speed>1.2132003</speed>
      </trkpt>
      <trkpt lat="24.9236359" lon="110.5007584">
        <ele>105.64</ele>
        <time>2025-12-27T06:50:45Z</time>
        <speed>0.87091</speed>
      </trkpt>
      <trkpt lat="24.9236533" lon="110.5008591">
        <ele>107.09</ele>
        <time>2025-12-27T06:50:53Z</time>
        <speed>1.1112853</speed>
      </trkpt>
      <trkpt lat="24.9236858" lon="110.5009641">
        <ele>107.61</ele>
        <time>2025-12-27T06:51:05Z</time>
        <speed>0.75870055</speed>
      </trkpt>
      <trkpt lat="24.9237042" lon="110.5010763">
        <ele>106.74</ele>
        <time>2025-12-27T06:51:15Z</time>
        <speed>1.1895231</speed>
      </trkpt>
      <trkpt lat="24.9237128" lon="110.5011838">
        <ele>105.31</ele>
        <time>2025-12-27T06:51:21Z</time>
        <speed>1.5899769</speed>
      </trkpt>
      <trkpt lat="24.9237222" lon="110.5012893">
        <ele>104.79</ele>
        <time>2025-12-27T06:51:33Z</time>
        <speed>0.90797</speed>
      </trkpt>
      <trkpt lat="24.9237287" lon="110.5013978">
        <ele>106.0</ele>
        <time>2025-12-27T06:51:41Z</time>
        <speed>1.3676169</speed>
      </trkpt>
      <trkpt lat="24.9237284" lon="110.5015014">
        <ele>107.16</ele>
        <time>2025-12-27T06:51:49Z</time>
        <speed>1.2929822</speed>
      </trkpt>
      <trkpt lat="24.9237284" lon="110.5016043">
        <ele>108.34</ele>
        <time>2025-12-27T06:51:59Z</time>
        <speed>0.8410561</speed>
      </trkpt>
      <trkpt lat="24.9237578" lon="110.5017059">
        <ele>108.97</ele>
        <time>2025-12-27T06:52:05Z</time>
        <speed>1.2708491</speed>
      </trkpt>
      <trkpt lat="24.9237971" lon="110.5017985">
        <ele>108.38</ele>
        <time>2025-12-27T06:52:15Z</time>
        <speed>0.85546833</speed>
      </trkpt>
      <trkpt lat="24.9238459" lon="110.5018942">
        <ele>107.53</ele>
        <time>2025-12-27T06:52:23Z</time>
        <speed>1.2204064</speed>
      </trkpt>
      <trkpt lat="24.9238895" lon="110.5020028">
        <ele>107.3</ele>
        <time>2025-12-27T06:52:33Z</time>
        <speed>1.0999614</speed>
      </trkpt>
      <trkpt lat="24.9239311" lon="110.5021138">
        <ele>106.61</ele>
        <time>2025-12-27T06:52:47Z</time>
        <speed>0.62435806</speed>
      </trkpt>
      <trkpt lat="24.923963" lon="110.5022151">
        <ele>104.46</ele>
        <time>2025-12-27T06:52:55Z</time>
        <speed>1.1262122</speed>
      </trkpt>
      <trkpt lat="24.9239811" lon="110.5023198">
        <ele>102.2</ele>
        <time>2025-12-27T06:53:09Z</time>
        <speed>0.69127196</speed>
      </trkpt>
      <trkpt lat="24.9239972" lon="110.5024323">
        <ele>100.39</ele>
        <time>2025-12-27T06:53:35Z</time>
        <speed>0.58987164</speed>
      </trkpt>
      <trkpt lat="24.9240462" lon="110.5025464">
        <ele>99.79</ele>
        <time>2025-12-27T06:53:43Z</time>
        <speed>1.3722495</speed>
      </trkpt>
      <trkpt lat="24.9240903" lon="110.5026618">
        <ele>99.28</ele>
        <time>2025-12-27T06:53:51Z</time>
        <speed>1.3166595</speed>
      </trkpt>
      <trkpt lat="24.9241299" lon="110.5027662">
        <ele>98.82</ele>
        <time>2025-12-27T06:53:59Z</time>
        <speed>1.1612133</speed>
      </trkpt>
      <trkpt lat="24.9241723" lon="110.5028725">
        <ele>98.12</ele>
        <time>2025-12-27T06:54:07Z</time>
        <speed>1.1051086</speed>
      </trkpt>
      <trkpt lat="24.9242083" lon="110.5029751">
        <ele>97.6</ele>
        <time>2025-12-27T06:54:13Z</time>
        <speed>1.3393072</speed>
      </trkpt>
      <trkpt lat="24.924248" lon="110.5030663">
        <ele>97.81</ele>
        <time>2025-12-27T06:54:19Z</time>
        <speed>1.4412222</speed>
      </trkpt>
      <trkpt lat="24.924298" lon="110.5031663">
        <ele>98.45</ele>
        <time>2025-12-27T06:54:27Z</time>
        <speed>1.2646725</speed>
      </trkpt>
      <trkpt lat="24.9243418" lon="110.5032701">
        <ele>99.16</ele>
        <time>2025-12-27T06:54:35Z</time>
        <speed>1.3588667</speed>
      </trkpt>
      <trkpt lat="24.924389" lon="110.5033704">
        <ele>99.31</ele>
        <time>2025-12-27T06:54:43Z</time>
        <speed>1.24151</speed>
      </trkpt>
      <trkpt lat="24.9244587" lon="110.5034603">
        <ele>99.61</ele>
        <time>2025-12-27T06:54:51Z</time>
        <speed>1.4041622</speed>
      </trkpt>
      <trkpt lat="24.9244725" lon="110.5034926">
        <ele>98.96</ele>
        <time>2025-12-27T06:55:03Z</time>
        <speed>0.0</speed>
      </trkpt>
      <trkpt lat="24.9245349" lon="110.5035496">
        <ele>98.07</ele>
        <time>2025-12-27T06:55:25Z</time>
        <speed>0.7015664</speed>
      </trkpt>
      <trkpt lat="24.9245759" lon="110.5036467">
        <ele>97.61</ele>
        <time>2025-12-27T06:55:35Z</time>
        <speed>1.1632723</speed>
      </trkpt>
      <trkpt lat="24.9246453" lon="110.5037275">
        <ele>96.19</ele>
        <time>2025-12-27T06:55:43Z</time>
        <speed>1.2332745</speed>
      </trkpt>
      <trkpt lat="24.9246967" lon="110.503833">
        <ele>96.32</ele>
        <time>2025-12-27T06:55:51Z</time>
        <speed>1.3104827</speed>
      </trkpt>
      <trkpt lat="24.9247327" lon="110.5039199">
        <ele>96.61</ele>
        <time>2025-12-27T06:56:01Z</time>
        <speed>0.0</speed>
      </trkpt>
      <trkpt lat="24.924767" lon="110.5040111">
        <ele>96.95</ele>
        <time>2025-12-27T06:56:19Z</time>
        <speed>0.7365675</speed>
      </trkpt>
      <trkpt lat="24.9248169" lon="110.5041066">
        <ele>97.49</ele>
        <time>2025-12-27T06:56:29Z</time>
        <speed>1.0109144</speed>
      </trkpt>
      <trkpt lat="24.9248729" lon="110.5041898">
        <ele>97.62</ele>
        <time>2025-12-27T06:56:37Z</time>
        <speed>1.0356212</speed>
      </trkpt>
      <trkpt lat="24.9249045" lon="110.5042858">
        <ele>97.57</ele>
        <time>2025-12-27T06:56:45Z</time>
        <speed>1.0814314</speed>
      </trkpt>
      <trkpt lat="24.9249302" lon="110.5043957">
        <ele>97.88</ele>
        <time>2025-12-27T06:56:53Z</time>
        <speed>1.3073944</speed>
      </trkpt>
      <trkpt lat="24.9249623" lon="110.5044953">
        <ele>98.67</ele>
        <time>2025-12-27T06:57:01Z</time>
        <speed>1.3573225</speed>
      </trkpt>
      <trkpt lat="24.9249939" lon="110.5046026">
        <ele>100.62</ele>
        <time>2025-12-27T06:57:11Z</time>
        <speed>0.9162056</speed>
      </trkpt>
      <trkpt lat="24.9250178" lon="110.504724">
        <ele>103.06</ele>
        <time>2025-12-27T06:57:19Z</time>
        <speed>1.3943825</speed>
      </trkpt>
      <trkpt lat="24.9250378" lon="110.504839">
        <ele>105.14</ele>
        <time>2025-12-27T06:57:27Z</time>
        <speed>1.3506311</speed>
      </trkpt>
      <trkpt lat="24.9250706" lon="110.5049431">
        <ele>106.8</ele>
        <time>2025-12-27T06:57:35Z</time>
        <speed>1.3140858</speed>
      </trkpt>
      <trkpt lat="24.9250885" lon="110.5050618">
        <ele>107.62</ele>
        <time>2025-12-27T06:57:45Z</time>
        <speed>1.2034205</speed>
      </trkpt>
      <trkpt lat="24.9251067" lon="110.5051776">
        <ele>108.21</ele>
        <time>2025-12-27T06:57:53Z</time>
        <speed>1.4504873</speed>
      </trkpt>
      <trkpt lat="24.9251307" lon="110.5052818">
        <ele>108.47</ele>
        <time>2025-12-27T06:58:01Z</time>
        <speed>1.3511459</speed>
      </trkpt>
      <trkpt lat="24.9251195" lon="110.5053841">
        <ele>108.31</ele>
        <time>2025-12-27T06:58:09Z</time>
        <speed>1.2605547</speed>
      </trkpt>
      <trkpt lat="24.925109" lon="110.5054888">
        <ele>107.14</ele>
        <time>2025-12-27T06:58:17Z</time>
        <speed>1.2034205</speed>
      </trkpt>
      <trkpt lat="24.9251219" lon="110.5055873">
        <ele>105.53</ele>
        <time>2025-12-27T06:58:27Z</time>
        <speed>1.0232677</speed>
      </trkpt>
      <trkpt lat="24.9251481" lon="110.5056849">
        <ele>104.92</ele>
        <time>2025-12-27T06:58:37Z</time>
        <speed>1.03768</speed>
      </trkpt>
      <trkpt lat="24.9251595" lon="110.5057912">
        <ele>104.52</ele>
        <time>2025-12-27T06:58:45Z</time>
        <speed>1.1241534</speed>
      </trkpt>
      <trkpt lat="24.9251657" lon="110.5059036">
        <ele>104.3</ele>
        <time>2025-12-27T06:58:53Z</time>
        <speed>1.2260684</speed>
      </trkpt>
      <trkpt lat="24.9251639" lon="110.5059689">
        <ele>104.26</ele>
        <time>2025-12-27T06:59:01Z</time>
        <speed>0.0</speed>
      </trkpt>
      <trkpt lat="24.9251834" lon="110.5060629">
        <ele>103.97</ele>
        <time>2025-12-27T06:59:21Z</time>
        <speed>0.68355113</speed>
      </trkpt>
      <trkpt lat="24.9252" lon="110.5061659">
        <ele>103.51</ele>
        <time>2025-12-27T06:59:35Z</time>
        <speed>0.7247289</speed>
      </trkpt>
      <trkpt lat="24.9252323" lon="110.5062806">
        <ele>103.76</ele>
        <time>2025-12-27T06:59:45Z</time>
        <speed>1.05621</speed>
      </trkpt>
      <trkpt lat="24.9252612" lon="110.5063664">
        <ele>104.21</ele>
        <time>2025-12-27T06:59:55Z</time>
        <speed>0.0</speed>
      </trkpt>
      <trkpt lat="24.9252729" lon="110.5064693">
        <ele>104.76</ele>
        <time>2025-12-27T07:00:05Z</time>
        <speed>1.0299592</speed>
      </trkpt>
      <trkpt lat="24.9253005" lon="110.5065859">
        <ele>104.65</ele>
        <time>2025-12-27T07:00:19Z</time>
        <speed>0.6130342</speed>
      </trkpt>
      <trkpt lat="24.9253334" lon="110.5066883">
        <ele>104.67</ele>
        <time>2025-12-27T07:00:26Z</time>
        <speed>1.3362188</speed>
      </trkpt>
      <trkpt lat="24.9253665" lon="110.5067833">
        <ele>104.21</ele>
        <time>2025-12-27T07:00:32Z</time>
        <speed>1.3346747</speed>
      </trkpt>
      <trkpt lat="24.9254055" lon="110.5069009">
        <ele>104.12</ele>
        <time>2025-12-27T07:00:40Z</time>
        <speed>1.5385047</speed>
      </trkpt>
      <trkpt lat="24.925455" lon="110.5070161">
        <ele>103.85</ele>
        <time>2025-12-27T07:00:48Z</time>
        <speed>1.5858592</speed>
      </trkpt>
      <trkpt lat="24.9254979" lon="110.5071144">
        <ele>102.93</ele>
        <time>2025-12-27T07:01:02Z</time>
        <speed>0.48538306</speed>
      </trkpt>
      <trkpt lat="24.9255237" lon="110.5072099">
        <ele>101.58</ele>
        <time>2025-12-27T07:01:18Z</time>
        <speed>0.0</speed>
      </trkpt>
      <trkpt lat="24.9255658" lon="110.5073164">
        <ele>101.46</ele>
        <time>2025-12-27T07:01:28Z</time>
        <speed>1.2960706</speed>
      </trkpt>
      <trkpt lat="24.9255935" lon="110.5074337">
        <ele>101.26</ele>
        <time>2025-12-27T07:01:36Z</time>
        <speed>1.5266662</speed>
      </trkpt>
      <trkpt lat="24.9256229" lon="110.5075522">
        <ele>101.24</ele>
        <time>2025-12-27T07:01:44Z</time>
        <speed>1.5554906</speed>
      </trkpt>
      <trkpt lat="24.9256373" lon="110.5076766">
        <ele>101.52</ele>
        <time>2025-12-27T07:01:52Z</time>
        <speed>1.5251219</speed>
      </trkpt>
      <trkpt lat="24.9256639" lon="110.5077851">
        <ele>101.94</ele>
        <time>2025-12-27T07:02:00Z</time>
        <speed>1.4612964</speed>
      </trkpt>
      <trkpt lat="24.9256972" lon="110.5078935">
        <ele>101.49</ele>
        <time>2025-12-27T07:02:10Z</time>
        <speed>1.328498</speed>
      </trkpt>
      <trkpt lat="24.9257077" lon="110.5079561">
        <ele>101.07</ele>
        <time>2025-12-27T07:02:20Z</time>
        <speed>0.0</speed>
      </trkpt>
      <trkpt lat="24.9257257" lon="110.5080499">
        <ele>101.25</ele>
        <time>2025-12-27T07:02:34Z</time>
        <speed>0.94657415</speed>
      </trkpt>
      <trkpt lat="24.9257525" lon="110.508159">
        <ele>101.96</ele>
        <time>2025-12-27T07:02:44Z</time>
        <speed>1.0392241</speed>
      </trkpt>
      <trkpt lat="24.9257888" lon="110.5082646">
        <ele>101.89</ele>
        <time>2025-12-27T07:02:50Z</time>
        <speed>1.3084239</speed>
      </trkpt>
      <trkpt lat="24.9258245" lon="110.5083768">
        <ele>101.81</ele>
        <time>2025-12-27T07:03:00Z</time>
        <speed>1.2554075</speed>
      </trkpt>
      <trkpt lat="24.9258554" lon="110.5084972">
        <ele>101.29</ele>
        <time>2025-12-27T07:03:08Z</time>
        <speed>1.2389364</speed>
      </trkpt>
      <trkpt lat="24.925863" lon="110.50857">
        <ele>100.56</ele>
        <time>2025-12-27T07:03:16Z</time>
        <speed>0.0</speed>
      </trkpt>
      <trkpt lat="24.9258758" lon="110.5086611">
        <ele>100.79</ele>
        <time>2025-12-27T07:03:40Z</time>
        <speed>1.1020203</speed>
      </trkpt>
      <trkpt lat="24.9259132" lon="110.5087647">
        <ele>101.1</ele>
        <time>2025-12-27T07:03:48Z</time>
        <speed>1.2754817</speed>
      </trkpt>
      <trkpt lat="24.9259412" lon="110.5088331">
        <ele>101.18</ele>
        <time>2025-12-27T07:03:56Z</time>
        <speed>0.0</speed>
      </trkpt>
      <trkpt lat="24.9260109" lon="110.5088942">
        <ele>101.62</ele>
        <time>2025-12-27T07:04:08Z</time>
        <speed>1.0881227</speed>
      </trkpt>
      <trkpt lat="24.926027" lon="110.5089932">
        <ele>101.96</ele>
        <time>2025-12-27T07:04:16Z</time>
        <speed>1.2945263</speed>
      </trkpt>
      <trkpt lat="24.9260323" lon="110.5091034">
        <ele>102.45</ele>
        <time>2025-12-27T07:04:22Z</time>
        <speed>1.6368166</speed>
      </trkpt>
      <trkpt lat="24.9260518" lon="110.5092214">
        <ele>103.03</ele>
        <time>2025-12-27T07:04:30Z</time>
        <speed>1.528725</speed>
      </trkpt>
      <trkpt lat="24.9260816" lon="110.5093308">
        <ele>103.4</ele>
        <time>2025-12-27T07:04:38Z</time>
        <speed>1.3938677</speed>
      </trkpt>
      <trkpt lat="24.9261178" lon="110.5094422">
        <ele>103.36</ele>
        <time>2025-12-27T07:04:50Z</time>
        <speed>0.7777453</speed>
      </trkpt>
      <trkpt lat="24.9261532" lon="110.5095605">
        <ele>102.43</ele>
        <time>2025-12-27T07:04:58Z</time>
        <speed>1.0814314</speed>
      </trkpt>
      <trkpt lat="24.9261839" lon="110.5096573">
        <ele>101.69</ele>
        <time>2025-12-27T07:05:12Z</time>
        <speed>0.0</speed>
      </trkpt>
      <trkpt lat="24.9261813" lon="110.5097557">
        <ele>101.65</ele>
        <time>2025-12-27T07:05:48Z</time>
        <speed>0.0</speed>
      </trkpt>
      <trkpt lat="24.9262193" lon="110.5098545">
        <ele>101.33</ele>
        <time>2025-12-27T07:06:04Z</time>
        <speed>0.9712808</speed>
      </trkpt>
      <trkpt lat="24.9262338" lon="110.5099575">
        <ele>100.93</ele>
        <time>2025-12-27T07:06:20Z</time>
        <speed>0.0</speed>
      </trkpt>
      <trkpt lat="24.9262661" lon="110.5100686">
        <ele>101.17</ele>
        <time>2025-12-27T07:06:38Z</time>
        <speed>0.88583696</speed>
      </trkpt>
      <trkpt lat="24.9263043" lon="110.5101812">
        <ele>100.54</ele>
        <time>2025-12-27T07:06:48Z</time>
        <speed>1.1745961</speed>
      </trkpt>
      <trkpt lat="24.9263165" lon="110.5102375">
        <ele>100.26</ele>
        <time>2025-12-27T07:06:58Z</time>
        <speed>0.0</speed>
      </trkpt>
      <trkpt lat="24.9262817" lon="110.51033">
        <ele>100.84</ele>
        <time>2025-12-27T07:08:44Z</time>
        <speed>0.53839946</speed>
      </trkpt>
      <trkpt lat="24.9263033" lon="110.51045">
        <ele>101.6</ele>
        <time>2025-12-27T07:08:56Z</time>
        <speed>1.1020203</speed>
      </trkpt>
      <trkpt lat="24.9263208" lon="110.5105559">
        <ele>101.47</ele>
        <time>2025-12-27T07:09:04Z</time>
        <speed>1.2466573</speed>
      </trkpt>
      <trkpt lat="24.9263619" lon="110.5106632">
        <ele>101.48</ele>
        <time>2025-12-27T07:09:16Z</time>
        <speed>1.0237825</speed>
      </trkpt>
      <trkpt lat="24.9263766" lon="110.5107683">
        <ele>101.53</ele>
        <time>2025-12-27T07:09:24Z</time>
        <speed>1.2832025</speed>
      </trkpt>
      <trkpt lat="24.9263673" lon="110.5108102">
        <ele>101.52</ele>
        <time>2025-12-27T07:09:32Z</time>
        <speed>0.0</speed>
      </trkpt>
      <trkpt lat="24.9263988" lon="110.5108755">
        <ele>101.42</ele>
        <time>2025-12-27T07:09:44Z</time>
        <speed>1.1045939</speed>
      </trkpt>
      <trkpt lat="24.9264219" lon="110.5109655">
        <ele>101.03</ele>
        <time>2025-12-27T07:09:52Z</time>
        <speed>1.2759964</speed>
      </trkpt>
      <trkpt lat="24.9264357" lon="110.5110815">
        <ele>100.33</ele>
        <time>2025-12-27T07:10:02Z</time>
        <speed>1.2039353</speed>
      </trkpt>
      <trkpt lat="24.9264533" lon="110.5112009">
        <ele>99.54</ele>
        <time>2025-12-27T07:10:12Z</time>
        <speed>0.9712808</speed>
      </trkpt>
      <trkpt lat="24.9264852" lon="110.5113046">
        <ele>98.58</ele>
        <time>2025-12-27T07:10:42Z</time>
        <speed>0.25581694</speed>
      </trkpt>
      <trkpt lat="24.9265337" lon="110.5114013">
        <ele>95.92</ele>
        <time>2025-12-27T07:10:58Z</time>
        <speed>0.74943554</speed>
      </trkpt>
      <trkpt lat="24.9265398" lon="110.5115182">
        <ele>94.62</ele>
        <time>2025-12-27T07:11:28Z</time>
        <speed>0.39993918</speed>
      </trkpt>
      <trkpt lat="24.92657" lon="110.5116367">
        <ele>95.13</ele>
        <time>2025-12-27T07:13:10Z</time>
        <speed>0.30677444</speed>
      </trkpt>
      <trkpt lat="24.9266683" lon="110.511675">
        <ele>96.02</ele>
        <time>2025-12-27T07:13:16Z</time>
        <speed>1.1653311</speed>
      </trkpt>
      <trkpt lat="24.9267356" lon="110.5117528">
        <ele>96.79</ele>
        <time>2025-12-27T07:13:28Z</time>
        <speed>0.58935696</speed>
      </trkpt>
      <trkpt lat="24.9267563" lon="110.5118492">
        <ele>97.74</ele>
        <time>2025-12-27T07:13:40Z</time>
        <speed>0.7293614</speed>
      </trkpt>
      <trkpt lat="24.9267371" lon="110.5119516">
        <ele>99.79</ele>
        <time>2025-12-27T07:13:48Z</time>
        <speed>1.1946703</speed>
      </trkpt>
      <trkpt lat="24.9267329" lon="110.5120613">
        <ele>101.9</ele>
        <time>2025-12-27T07:13:58Z</time>
        <speed>0.991355</speed>
      </trkpt>
      <trkpt lat="24.9267416" lon="110.5121712">
        <ele>103.15</ele>
        <time>2025-12-27T07:14:04Z</time>
        <speed>1.4293836</speed>
      </trkpt>
      <trkpt lat="24.9267525" lon="110.5122901">
        <ele>104.46</ele>
        <time>2025-12-27T07:14:16Z</time>
        <speed>0.77980417</speed>
      </trkpt>
      <trkpt lat="24.9267505" lon="110.5124153">
        <ele>105.42</ele>
        <time>2025-12-27T07:14:24Z</time>
        <speed>1.0979025</speed>
      </trkpt>
      <trkpt lat="24.9267399" lon="110.5125257">
        <ele>106.14</ele>
        <time>2025-12-27T07:14:32Z</time>
        <speed>1.0999614</speed>
      </trkpt>
      <trkpt lat="24.9267318" lon="110.5126337">
        <ele>106.3</ele>
        <time>2025-12-27T07:14:42Z</time>
        <speed>0.98775196</speed>
      </trkpt>
      <trkpt lat="24.9267154" lon="110.51274">
        <ele>105.61</ele>
        <time>2025-12-27T07:14:52Z</time>
        <speed>0.98106056</speed>
      </trkpt>
      <trkpt lat="24.9266937" lon="110.5128422">
        <ele>104.92</ele>
        <time>2025-12-27T07:15:02Z</time>
        <speed>0.8945872</speed>
      </trkpt>
      <trkpt lat="24.9266933" lon="110.5129558">
        <ele>104.69</ele>
        <time>2025-12-27T07:15:14Z</time>
        <speed>0.8292175</speed>
      </trkpt>
      <trkpt lat="24.9266937" lon="110.5130738">
        <ele>104.35</ele>
        <time>2025-12-27T07:15:22Z</time>
        <speed>1.145257</speed>
      </trkpt>
      <trkpt lat="24.9266736" lon="110.5131831">
        <ele>103.94</ele>
        <time>2025-12-27T07:15:32Z</time>
        <speed>0.93730915</speed>
      </trkpt>
      <trkpt lat="24.9266367" lon="110.5132799">
        <ele>103.84</ele>
        <time>2025-12-27T07:15:38Z</time>
        <speed>1.2971</speed>
      </trkpt>
      <trkpt lat="24.9265845" lon="110.5133723">
        <ele>103.43</ele>
        <time>2025-12-27T07:15:46Z</time>
        <speed>1.2260684</speed>
      </trkpt>
      <trkpt lat="24.9265218" lon="110.5134603">
        <ele>103.72</ele>
        <time>2025-12-27T07:15:54Z</time>
        <speed>1.1071675</speed>
      </trkpt>
      <trkpt lat="24.9264406" lon="110.5135485">
        <ele>104.49</ele>
        <time>2025-12-27T07:16:02Z</time>
        <speed>1.4036475</speed>
      </trkpt>
      <trkpt lat="24.9263629" lon="110.5136324">
        <ele>105.7</ele>
        <time>2025-12-27T07:16:12Z</time>
        <speed>0.94142693</speed>
      </trkpt>
      <trkpt lat="24.9262943" lon="110.5137175">
        <ele>107.12</ele>
        <time>2025-12-27T07:16:24Z</time>
        <speed>0.9311325</speed>
      </trkpt>
      <trkpt lat="24.9262462" lon="110.5138048">
        <ele>107.58</ele>
        <time>2025-12-27T07:16:32Z</time>
        <speed>1.0824609</speed>
      </trkpt>
      <trkpt lat="24.9261992" lon="110.5139067">
        <ele>107.29</ele>
        <time>2025-12-27T07:16:46Z</time>
        <speed>0.6490647</speed>
      </trkpt>
      <trkpt lat="24.9261289" lon="110.5140052">
        <ele>106.48</ele>
        <time>2025-12-27T07:16:54Z</time>
        <speed>1.365558</speed>
      </trkpt>
      <trkpt lat="24.9260506" lon="110.5140953">
        <ele>105.88</ele>
        <time>2025-12-27T07:17:04Z</time>
        <speed>1.1272416</speed>
      </trkpt>
      <trkpt lat="24.9259753" lon="110.5141734">
        <ele>105.68</ele>
        <time>2025-12-27T07:17:12Z</time>
        <speed>1.3279834</speed>
      </trkpt>
      <trkpt lat="24.9259296" lon="110.5142699">
        <ele>105.64</ele>
        <time>2025-12-27T07:17:24Z</time>
        <speed>0.70362526</speed>
      </trkpt>
      <trkpt lat="24.9258762" lon="110.5143702">
        <ele>105.88</ele>
        <time>2025-12-27T07:17:32Z</time>
        <speed>1.2023911</speed>
      </trkpt>
      <trkpt lat="24.9258099" lon="110.5144639">
        <ele>106.11</ele>
        <time>2025-12-27T07:17:40Z</time>
        <speed>1.1962144</speed>
      </trkpt>
      <trkpt lat="24.9257446" lon="110.5145559">
        <ele>106.79</ele>
        <time>2025-12-27T07:17:50Z</time>
        <speed>1.2260684</speed>
      </trkpt>
      <trkpt lat="24.9257029" lon="110.5146523">
        <ele>107.48</ele>
        <time>2025-12-27T07:17:56Z</time>
        <speed>1.7310108</speed>
      </trkpt>
      <trkpt lat="24.9256713" lon="110.5147505">
        <ele>107.4</ele>
        <time>2025-12-27T07:18:04Z</time>
        <speed>1.451002</speed>
      </trkpt>
      <trkpt lat="24.9256671" lon="110.514858">
        <ele>106.93</ele>
        <time>2025-12-27T07:18:12Z</time>
        <speed>1.3604108</speed>
      </trkpt>
      <trkpt lat="24.9256894" lon="110.5149687">
        <ele>105.88</ele>
        <time>2025-12-27T07:18:22Z</time>
        <speed>1.1540072</speed>
      </trkpt>
      <trkpt lat="24.925738" lon="110.5150811">
        <ele>104.6</ele>
        <time>2025-12-27T07:18:30Z</time>
        <speed>1.3784261</speed>
      </trkpt>
      <trkpt lat="24.9257836" lon="110.5151825">
        <ele>103.87</ele>
        <time>2025-12-27T07:18:38Z</time>
        <speed>1.2193769</speed>
      </trkpt>
      <trkpt lat="24.9258241" lon="110.5152857">
        <ele>104.05</ele>
        <time>2025-12-27T07:18:50Z</time>
        <speed>0.75149447</speed>
      </trkpt>
      <trkpt lat="24.9258426" lon="110.5153925">
        <ele>103.51</ele>
        <time>2025-12-27T07:18:58Z</time>
        <speed>1.0567247</speed>
      </trkpt>
      <trkpt lat="24.9258426" lon="110.5154945">
        <ele>103.42</ele>
        <time>2025-12-27T07:19:06Z</time>
        <speed>1.1668752</speed>
      </trkpt>
      <trkpt lat="24.9258105" lon="110.5155946">
        <ele>103.54</ele>
        <time>2025-12-27T07:19:16Z</time>
        <speed>0.72884667</speed>
      </trkpt>
      <trkpt lat="24.9257307" lon="110.5156503">
        <ele>104.17</ele>
        <time>2025-12-27T07:19:24Z</time>
        <speed>1.0675339</speed>
      </trkpt>
      <trkpt lat="24.9256661" lon="110.515655">
        <ele>104.44</ele>
        <time>2025-12-27T07:19:34Z</time>
        <speed>0.0</speed>
      </trkpt>
      <trkpt lat="24.9256783" lon="110.51573">
        <ele>103.86</ele>
        <time>2025-12-27T07:23:26Z</time>
        <speed>0.80245197</speed>
      </trkpt>
      <trkpt lat="24.9256383" lon="110.5158267">
        <ele>102.5</ele>
        <time>2025-12-27T07:23:36Z</time>
        <speed>0.9187792</speed>
      </trkpt>
      <trkpt lat="24.9255941" lon="110.5159149">
        <ele>102.46</ele>
        <time>2025-12-27T07:23:42Z</time>
        <speed>1.55652</speed>
      </trkpt>
      <trkpt lat="24.9255465" lon="110.5160054">
        <ele>102.18</ele>
        <time>2025-12-27T07:23:52Z</time>
        <speed>1.115403</speed>
      </trkpt>
      <trkpt lat="24.9254867" lon="110.516098">
        <ele>101.58</ele>
        <time>2025-12-27T07:24:00Z</time>
        <speed>1.2574664</speed>
      </trkpt>
      <trkpt lat="24.9254225" lon="110.5162112">
        <ele>101.38</ele>
        <time>2025-12-27T07:24:08Z</time>
        <speed>1.6301253</speed>
      </trkpt>
      <trkpt lat="24.925375" lon="110.516322">
        <ele>100.18</ele>
        <time>2025-12-27T07:24:18Z</time>
        <speed>1.2204064</speed>
      </trkpt>
      <trkpt lat="24.9253331" lon="110.5164283">
        <ele>97.65</ele>
        <time>2025-12-27T07:24:28Z</time>
        <speed>1.1874641</speed>
      </trkpt>
      <trkpt lat="24.9252926" lon="110.5165211">
        <ele>94.4</ele>
        <time>2025-12-27T07:24:36Z</time>
        <speed>1.2147444</speed>
      </trkpt>
      <trkpt lat="24.9252671" lon="110.5166253">
        <ele>92.12</ele>
        <time>2025-12-27T07:24:46Z</time>
        <speed>1.4077653</speed>
      </trkpt>
      <trkpt lat="24.9252467" lon="110.5167293">
        <ele>90.69</ele>
        <time>2025-12-27T07:24:58Z</time>
        <speed>0.84208554</speed>
      </trkpt>
      <trkpt lat="24.9252096" lon="110.5168318">
        <ele>91.26</ele>
        <time>2025-12-27T07:25:08Z</time>
        <speed>0.64700586</speed>
      </trkpt>
      <trkpt lat="24.9251718" lon="110.5169399">
        <ele>93.12</ele>
        <time>2025-12-27T07:25:24Z</time>
        <speed>0.9738544</speed>
      </trkpt>
      <trkpt lat="24.9251705" lon="110.5170538">
        <ele>95.22</ele>
        <time>2025-12-27T07:25:32Z</time>
        <speed>1.3892353</speed>
      </trkpt>
      <trkpt lat="24.9251867" lon="110.5171658">
        <ele>96.76</ele>
        <time>2025-12-27T07:25:40Z</time>
        <speed>1.1612133</speed>
      </trkpt>
      <trkpt lat="24.9252161" lon="110.5172691">
        <ele>98.54</ele>
        <time>2025-12-27T07:25:52Z</time>
        <speed>0.8719394</speed>
      </trkpt>
      <trkpt lat="24.9252434" lon="110.5173678">
        <ele>99.47</ele>
        <time>2025-12-27T07:25:58Z</time>
        <speed>1.1704783</speed>
      </trkpt>
      <trkpt lat="24.925262" lon="110.5174727">
        <ele>100.26</ele>
        <time>2025-12-27T07:26:06Z</time>
        <speed>1.2327597</speed>
      </trkpt>
      <trkpt lat="24.9252752" lon="110.5175779">
        <ele>101.35</ele>
        <time>2025-12-27T07:26:14Z</time>
        <speed>1.417545</speed>
      </trkpt>
      <trkpt lat="24.9252754" lon="110.5176831">
        <ele>102.53</ele>
        <time>2025-12-27T07:26:24Z</time>
        <speed>1.0567247</speed>
      </trkpt>
      <trkpt lat="24.9252773" lon="110.5177945">
        <ele>104.15</ele>
        <time>2025-12-27T07:26:34Z</time>
        <speed>1.1071675</speed>
      </trkpt>
      <trkpt lat="24.9252506" lon="110.5179069">
        <ele>104.95</ele>
        <time>2025-12-27T07:26:46Z</time>
        <speed>0.96356</speed>
      </trkpt>
      <trkpt lat="24.9252152" lon="110.518008">
        <ele>104.67</ele>
        <time>2025-12-27T07:26:54Z</time>
        <speed>1.3290128</speed>
      </trkpt>
      <trkpt lat="24.9251533" lon="110.5181072">
        <ele>103.95</ele>
        <time>2025-12-27T07:27:08Z</time>
        <speed>0.91414666</speed>
      </trkpt>
      <trkpt lat="24.9250681" lon="110.5181874">
        <ele>103.63</ele>
        <time>2025-12-27T07:27:16Z</time>
        <speed>1.3696759</speed>
      </trkpt>
      <trkpt lat="24.9249778" lon="110.5182436">
        <ele>103.4</ele>
        <time>2025-12-27T07:27:24Z</time>
        <speed>1.1838611</speed>
      </trkpt>
      <trkpt lat="24.9248882" lon="110.5183335">
        <ele>103.27</ele>
        <time>2025-12-27T07:27:32Z</time>
        <speed>1.3943825</speed>
      </trkpt>
      <trkpt lat="24.9248103" lon="110.5184177">
        <ele>103.93</ele>
        <time>2025-12-27T07:27:40Z</time>
        <speed>1.4824</speed>
      </trkpt>
      <trkpt lat="24.9247551" lon="110.5185102">
        <ele>104.91</ele>
        <time>2025-12-27T07:27:52Z</time>
        <speed>0.65627086</speed>
      </trkpt>
      <trkpt lat="24.9246842" lon="110.5185719">
        <ele>106.41</ele>
        <time>2025-12-27T07:28:06Z</time>
        <speed>0.50236887</speed>
      </trkpt>
      <trkpt lat="24.9246137" lon="110.5185266">
        <ele>107.35</ele>
        <time>2025-12-27T07:28:16Z</time>
        <speed>0.991355</speed>
      </trkpt>
      <trkpt lat="24.9245622" lon="110.5184336">
        <ele>107.72</ele>
        <time>2025-12-27T07:28:34Z</time>
        <speed>0.0</speed>
      </trkpt>
      <trkpt lat="24.92462" lon="110.5184783">
        <ele>108.31</ele>
        <time>2025-12-27T07:35:02Z</time>
        <speed>0.43236667</speed>
      </trkpt>
      <trkpt lat="24.9246733" lon="110.5185683">
        <ele>108.52</ele>
        <time>2025-12-27T07:35:12Z</time>
        <speed>0.74017054</speed>
      </trkpt>
      <trkpt lat="24.9246632" lon="110.5186809">
        <ele>108.43</ele>
        <time>2025-12-27T07:35:24Z</time>
        <speed>1.0685633</speed>
      </trkpt>
      <trkpt lat="24.9246174" lon="110.5187807">
        <ele>108.2</ele>
        <time>2025-12-27T07:35:38Z</time>
        <speed>0.9867225</speed>
      </trkpt>
      <trkpt lat="24.9245589" lon="110.518878">
        <ele>107.55</ele>
        <time>2025-12-27T07:35:48Z</time>
        <speed>1.1843759</speed>
      </trkpt>
      <trkpt lat="24.9244951" lon="110.5189618">
        <ele>107.27</ele>
        <time>2025-12-27T07:35:56Z</time>
        <speed>1.26004</speed>
      </trkpt>
      <trkpt lat="24.9244219" lon="110.519046">
        <ele>107.76</ele>
        <time>2025-12-27T07:36:08Z</time>
        <speed>0.8410561</speed>
      </trkpt>
      <trkpt lat="24.9243455" lon="110.5191186">
        <ele>108.03</ele>
        <time>2025-12-27T07:36:18Z</time>
        <speed>0.9177497</speed>
      </trkpt>
      <trkpt lat="24.9242582" lon="110.5191022">
        <ele>108.32</ele>
        <time>2025-12-27T07:36:44Z</time>
        <speed>0.69693387</speed>
      </trkpt>
      <trkpt lat="24.9242555" lon="110.5190066">
        <ele>108.44</ele>
        <time>2025-12-27T07:37:08Z</time>
        <speed>0.4215575</speed>
      </trkpt>
      <trkpt lat="24.924205" lon="110.5189083">
        <ele>106.66</ele>
        <time>2025-12-27T07:41:00Z</time>
        <speed>0.0</speed>
      </trkpt>
      <trkpt lat="24.9242467" lon="110.51901">
        <ele>103.75</ele>
        <time>2025-12-27T07:44:24Z</time>
        <speed>0.6490647</speed>
      </trkpt>
      <trkpt lat="24.9242433" lon="110.5191133">
        <ele>102.18</ele>
        <time>2025-12-27T07:44:46Z</time>
        <speed>0.33302528</speed>
      </trkpt>
      <trkpt lat="24.9242471" lon="110.5192167">
        <ele>102.28</ele>
        <time>2025-12-27T07:45:04Z</time>
        <speed>0.34589332</speed>
      </trkpt>
      <trkpt lat="24.9241813" lon="110.5192801">
        <ele>103.79</ele>
        <time>2025-12-27T07:45:36Z</time>
        <speed>0.49001557</speed>
      </trkpt>
      <trkpt lat="24.9240988" lon="110.5193336">
        <ele>105.56</ele>
        <time>2025-12-27T07:45:42Z</time>
        <speed>1.2795994</speed>
      </trkpt>
      <trkpt lat="24.9240048" lon="110.5193972">
        <ele>106.69</ele>
        <time>2025-12-27T07:45:50Z</time>
        <speed>1.3815144</speed>
      </trkpt>
      <trkpt lat="24.9239167" lon="110.5194523">
        <ele>107.39</ele>
        <time>2025-12-27T07:45:58Z</time>
        <speed>1.1138589</speed>
      </trkpt>
      <trkpt lat="24.9238291" lon="110.5195147">
        <ele>107.56</ele>
        <time>2025-12-27T07:46:06Z</time>
        <speed>1.2018764</speed>
      </trkpt>
      <trkpt lat="24.9237702" lon="110.5195992">
        <ele>107.75</ele>
        <time>2025-12-27T07:46:14Z</time>
        <speed>1.3640139</speed>
      </trkpt>
      <trkpt lat="24.9237296" lon="110.5196955">
        <ele>106.61</ele>
        <time>2025-12-27T07:46:22Z</time>
        <speed>1.5302691</speed>
      </trkpt>
      <trkpt lat="24.9236818" lon="110.5197923">
        <ele>105.7</ele>
        <time>2025-12-27T07:46:30Z</time>
        <speed>1.2672461</speed>
      </trkpt>
      <trkpt lat="24.9236335" lon="110.5198843">
        <ele>104.5</ele>
        <time>2025-12-27T07:46:38Z</time>
        <speed>1.2394512</speed>
      </trkpt>
      <trkpt lat="24.9235907" lon="110.5199825">
        <ele>103.6</ele>
        <time>2025-12-27T07:46:46Z</time>
        <speed>1.358352</speed>
      </trkpt>
      <trkpt lat="24.9235459" lon="110.520073">
        <ele>101.4</ele>
        <time>2025-12-27T07:46:52Z</time>
        <speed>1.4072505</speed>
      </trkpt>
      <trkpt lat="24.9235012" lon="110.5201676">
        <ele>99.85</ele>
        <time>2025-12-27T07:46:58Z</time>
        <speed>1.8859422</speed>
      </trkpt>
      <trkpt lat="24.9234414" lon="110.5202453">
        <ele>99.4</ele>
        <time>2025-12-27T07:47:04Z</time>
        <speed>1.6759355</speed>
      </trkpt>
      <trkpt lat="24.923361" lon="110.520309">
        <ele>100.05</ele>
        <time>2025-12-27T07:47:14Z</time>
        <speed>0.9707661</speed>
      </trkpt>
      <trkpt lat="24.9232751" lon="110.5203586">
        <ele>102.31</ele>
        <time>2025-12-27T07:47:22Z</time>
        <speed>0.85546833</speed>
      </trkpt>
      <trkpt lat="24.9231988" lon="110.5204405">
        <ele>104.45</ele>
        <time>2025-12-27T07:47:30Z</time>
        <speed>1.1195208</speed>
      </trkpt>
      <trkpt lat="24.9231421" lon="110.5205269">
        <ele>105.76</ele>
        <time>2025-12-27T07:47:36Z</time>
        <speed>1.4417369</speed>
      </trkpt>
      <trkpt lat="24.9230901" lon="110.520619">
        <ele>106.51</ele>
        <time>2025-12-27T07:47:42Z</time>
        <speed>1.51946</speed>
      </trkpt>
      <trkpt lat="24.9230276" lon="110.520716">
        <ele>107.11</ele>
        <time>2025-12-27T07:47:48Z</time>
        <speed>1.6908625</speed>
      </trkpt>
      <trkpt lat="24.9229679" lon="110.5208029">
        <ele>107.66</ele>
        <time>2025-12-27T07:47:56Z</time>
        <speed>1.3753377</speed>
      </trkpt>
      <trkpt lat="24.9228943" lon="110.5208892">
        <ele>108.71</ele>
        <time>2025-12-27T07:48:04Z</time>
        <speed>1.5127686</speed>
      </trkpt>
      <trkpt lat="24.9228207" lon="110.520973">
        <ele>109.27</ele>
        <time>2025-12-27T07:48:12Z</time>
        <speed>1.347028</speed>
      </trkpt>
      <trkpt lat="24.9227439" lon="110.5210584">
        <ele>109.97</ele>
        <time>2025-12-27T07:48:20Z</time>
        <speed>1.3902647</speed>
      </trkpt>
      <trkpt lat="24.9226577" lon="110.5211285">
        <ele>111.1</ele>
        <time>2025-12-27T07:48:28Z</time>
        <speed>1.4926945</speed>
      </trkpt>
      <trkpt lat="24.9225608" lon="110.5211591">
        <ele>112.65</ele>
        <time>2025-12-27T07:48:42Z</time>
        <speed>0.4467789</speed>
      </trkpt>
      <trkpt lat="24.9224608" lon="110.5211912">
        <ele>112.2</ele>
        <time>2025-12-27T07:48:50Z</time>
        <speed>1.3104827</speed>
      </trkpt>
      <trkpt lat="24.9223706" lon="110.5212465">
        <ele>111.55</ele>
        <time>2025-12-27T07:48:58Z</time>
        <speed>1.3773967</speed>
      </trkpt>
      <trkpt lat="24.9222672" lon="110.5212803">
        <ele>110.33</ele>
        <time>2025-12-27T07:49:06Z</time>
        <speed>1.432472</speed>
      </trkpt>
      <trkpt lat="24.9221737" lon="110.5213156">
        <ele>109.07</ele>
        <time>2025-12-27T07:49:12Z</time>
        <speed>1.6162277</speed>
      </trkpt>
      <trkpt lat="24.9220796" lon="110.5213624">
        <ele>108.18</ele>
        <time>2025-12-27T07:49:20Z</time>
        <speed>1.4329866</speed>
      </trkpt>
      <trkpt lat="24.9219774" lon="110.5214038">
        <ele>107.24</ele>
        <time>2025-12-27T07:49:28Z</time>
        <speed>1.4690173</speed>
      </trkpt>
      <trkpt lat="24.9218873" lon="110.521449">
        <ele>106.49</ele>
        <time>2025-12-27T07:49:34Z</time>
        <speed>1.6749061</speed>
      </trkpt>
      <trkpt lat="24.9217932" lon="110.5214969">
        <ele>105.85</ele>
        <time>2025-12-27T07:49:40Z</time>
        <speed>2.0645509</speed>
      </trkpt>
      <trkpt lat="24.921701" lon="110.5215394">
        <ele>105.01</ele>
        <time>2025-12-27T07:49:48Z</time>
        <speed>1.5549759</speed>
      </trkpt>
      <trkpt lat="24.9216207" lon="110.5216247">
        <ele>104.19</ele>
        <time>2025-12-27T07:49:56Z</time>
        <speed>1.7129955</speed>
      </trkpt>
      <trkpt lat="24.921581" lon="110.5217321">
        <ele>103.2</ele>
        <time>2025-12-27T07:50:02Z</time>
        <speed>2.262719</speed>
      </trkpt>
      <trkpt lat="24.9215628" lon="110.5218579">
        <ele>102.3</ele>
        <time>2025-12-27T07:50:10Z</time>
        <speed>2.088228</speed>
      </trkpt>
      <trkpt lat="24.9215613" lon="110.5219729">
        <ele>100.88</ele>
        <time>2025-12-27T07:50:18Z</time>
        <speed>1.6254928</speed>
      </trkpt>
      <trkpt lat="24.921547" lon="110.5220867">
        <ele>101.62</ele>
        <time>2025-12-27T07:50:26Z</time>
        <speed>1.5853444</speed>
      </trkpt>
      <trkpt lat="24.9215207" lon="110.5221882">
        <ele>102.86</ele>
        <time>2025-12-27T07:50:32Z</time>
        <speed>1.74182</speed>
      </trkpt>
      <trkpt lat="24.921492" lon="110.5222937">
        <ele>104.17</ele>
        <time>2025-12-27T07:50:40Z</time>
        <speed>1.6373314</speed>
      </trkpt>
      <trkpt lat="24.9215067" lon="110.5224025">
        <ele>105.34</ele>
        <time>2025-12-27T07:50:48Z</time>
        <speed>1.4417369</speed>
      </trkpt>
      <trkpt lat="24.9215439" lon="110.5225075">
        <ele>106.57</ele>
        <time>2025-12-27T07:50:56Z</time>
        <speed>1.4571786</speed>
      </trkpt>
      <trkpt lat="24.9215883" lon="110.5226122">
        <ele>108.09</ele>
        <time>2025-12-27T07:51:04Z</time>
        <speed>1.5076214</speed>
      </trkpt>
      <trkpt lat="24.9216304" lon="110.5227282">
        <ele>108.52</ele>
        <time>2025-12-27T07:51:14Z</time>
        <speed>1.4381338</speed>
      </trkpt>
      <trkpt lat="24.9216713" lon="110.5228309">
        <ele>107.61</ele>
        <time>2025-12-27T07:51:22Z</time>
        <speed>1.361955</speed>
      </trkpt>
      <trkpt lat="24.9216922" lon="110.5229369">
        <ele>107.39</ele>
        <time>2025-12-27T07:51:30Z</time>
        <speed>1.287835</speed>
      </trkpt>
      <trkpt lat="24.9217067" lon="110.5230383">
        <ele>107.65</ele>
        <time>2025-12-27T07:51:38Z</time>
        <speed>1.2327597</speed>
      </trkpt>
      <trkpt lat="24.921691" lon="110.5231356">
        <ele>108.19</ele>
        <time>2025-12-27T07:51:46Z</time>
        <speed>0.9795164</speed>
      </trkpt>
      <trkpt lat="24.9216338" lon="110.5232191">
        <ele>108.58</ele>
        <time>2025-12-27T07:52:08Z</time>
        <speed>0.40199804</speed>
      </trkpt>
      <trkpt lat="24.9215422" lon="110.5232979">
        <ele>108.55</ele>
        <time>2025-12-27T07:52:16Z</time>
        <speed>1.4988711</speed>
      </trkpt>
      <trkpt lat="24.921444" lon="110.523351">
        <ele>109.17</ele>
        <time>2025-12-27T07:52:22Z</time>
        <speed>1.5858592</speed>
      </trkpt>
      <trkpt lat="24.9213357" lon="110.5233929">
        <ele>109.23</ele>
        <time>2025-12-27T07:52:30Z</time>
        <speed>1.534387</speed>
      </trkpt>
      <trkpt lat="24.9212362" lon="110.52345">
        <ele>109.26</ele>
        <time>2025-12-27T07:52:42Z</time>
        <speed>0.9192939</speed>
      </trkpt>
      <trkpt lat="24.9211365" lon="110.5234855">
        <ele>109.32</ele>
        <time>2025-12-27T07:52:52Z</time>
        <speed>1.1056234</speed>
      </trkpt>
      <trkpt lat="24.9210486" lon="110.5235219">
        <ele>109.05</ele>
        <time>2025-12-27T07:52:58Z</time>
        <speed>1.5812267</speed>
      </trkpt>
      <trkpt lat="24.9209577" lon="110.5235635">
        <ele>109.2</ele>
        <time>2025-12-27T07:53:06Z</time>
        <speed>1.2224653</speed>
      </trkpt>
      <trkpt lat="24.9208664" lon="110.5235713">
        <ele>109.29</ele>
        <time>2025-12-27T07:53:12Z</time>
        <speed>1.4551197</speed>
      </trkpt>
      <trkpt lat="24.9207775" lon="110.5235918">
        <ele>108.48</ele>
        <time>2025-12-27T07:53:20Z</time>
        <speed>1.467473</speed>
      </trkpt>
      <trkpt lat="24.9206818" lon="110.5236263">
        <ele>107.63</ele>
        <time>2025-12-27T07:53:30Z</time>
        <speed>1.2626137</speed>
      </trkpt>
      <trkpt lat="24.9205822" lon="110.5236625">
        <ele>106.45</ele>
        <time>2025-12-27T07:53:42Z</time>
        <speed>0.93422085</speed>
      </trkpt>
      <trkpt lat="24.9205128" lon="110.5236123">
        <ele>105.83</ele>
        <time>2025-12-27T07:53:54Z</time>
        <speed>0.9481183</speed>
      </trkpt>
      <trkpt lat="24.9204624" lon="110.5235075">
        <ele>105.99</ele>
        <time>2025-12-27T07:54:04Z</time>
        <speed>1.1164325</speed>
      </trkpt>
      <trkpt lat="24.9204174" lon="110.5234024">
        <ele>106.12</ele>
        <time>2025-12-27T07:54:14Z</time>
        <speed>0.83487946</speed>
      </trkpt>
      <trkpt lat="24.9203964" lon="110.5232925">
        <ele>107.32</ele>
        <time>2025-12-27T07:54:22Z</time>
        <speed>1.0855491</speed>
      </trkpt>
      <trkpt lat="24.9203929" lon="110.5231749">
        <ele>108.3</ele>
        <time>2025-12-27T07:54:30Z</time>
        <speed>1.40828</speed>
      </trkpt>
      <trkpt lat="24.92039" lon="110.5230501">
        <ele>108.69</ele>
        <time>2025-12-27T07:54:38Z</time>
        <speed>1.4767381</speed>
      </trkpt>
      <trkpt lat="24.9203967" lon="110.5229353">
        <ele>108.78</ele>
        <time>2025-12-27T07:54:48Z</time>
        <speed>1.0567247</speed>
      </trkpt>
      <trkpt lat="24.920442" lon="110.5228753">
        <ele>108.83</ele>
        <time>2025-12-27T07:54:58Z</time>
        <speed>0.0</speed>
      </trkpt>
      <trkpt lat="24.9204667" lon="110.5226717">
        <ele>108.3</ele>
        <time>2025-12-27T07:57:04Z</time>
        <speed>0.68766886</speed>
      </trkpt>
      <trkpt lat="24.92046" lon="110.5226867">
        <ele>114.28</ele>
        <time>2025-12-27T07:57:06Z</time>
        <speed>0.6866394</speed>
      </trkpt>
      <trkpt lat="24.9204294" lon="110.5226904">
        <ele>117.56</ele>
        <time>2025-12-27T07:57:12Z</time>
        <speed>0.9481183</speed>
      </trkpt>
      <trkpt lat="24.9203945" lon="110.5226046">
        <ele>117.96</ele>
        <time>2025-12-27T07:57:26Z</time>
        <speed>1.0906963</speed>
      </trkpt>
      <trkpt lat="24.9203531" lon="110.5224908">
        <ele>113.72</ele>
        <time>2025-12-27T07:57:38Z</time>
        <speed>0.8544389</speed>
      </trkpt>
      <trkpt lat="24.9203474" lon="110.5223773">
        <ele>111.47</ele>
        <time>2025-12-27T07:57:52Z</time>
        <speed>0.676345</speed>
      </trkpt>
      <trkpt lat="24.9203142" lon="110.5222727">
        <ele>109.76</ele>
        <time>2025-12-27T07:58:10Z</time>
        <speed>0.8961314</speed>
      </trkpt>
      <trkpt lat="24.9202669" lon="110.5221738">
        <ele>108.49</ele>
        <time>2025-12-27T07:58:26Z</time>
        <speed>0.83899724</speed>
      </trkpt>
      <trkpt lat="24.9202076" lon="110.5220914">
        <ele>108.15</ele>
        <time>2025-12-27T07:58:38Z</time>
        <speed>0.6866394</speed>
      </trkpt>
      <trkpt lat="24.9201439" lon="110.5220077">
        <ele>109.33</ele>
        <time>2025-12-27T07:58:46Z</time>
        <speed>1.1905525</speed>
      </trkpt>
      <trkpt lat="24.9200672" lon="110.5219388">
        <ele>111.17</ele>
        <time>2025-12-27T07:58:52Z</time>
        <speed>1.7268931</speed>
      </trkpt>
      <trkpt lat="24.9199717" lon="110.5218963">
        <ele>112.77</ele>
        <time>2025-12-27T07:59:00Z</time>
        <speed>1.5735059</speed>
      </trkpt>
      <trkpt lat="24.9198743" lon="110.521885">
        <ele>113.95</ele>
        <time>2025-12-27T07:59:08Z</time>
        <speed>1.3809997</speed>
      </trkpt>
      <trkpt lat="24.9197741" lon="110.5218843">
        <ele>114.06</ele>
        <time>2025-12-27T07:59:16Z</time>
        <speed>1.3429103</speed>
      </trkpt>
      <trkpt lat="24.9196676" lon="110.5218972">
        <ele>113.3</ele>
        <time>2025-12-27T07:59:24Z</time>
        <speed>1.4772527</speed>
      </trkpt>
      <trkpt lat="24.9195682" lon="110.5219194">
        <ele>112.05</ele>
        <time>2025-12-27T07:59:34Z</time>
        <speed>0.880175</speed>
      </trkpt>
      <trkpt lat="24.9194609" lon="110.5219468">
        <ele>110.57</ele>
        <time>2025-12-27T07:59:44Z</time>
        <speed>1.2183475</speed>
      </trkpt>
      <trkpt lat="24.9193695" lon="110.5219848">
        <ele>109.29</ele>
        <time>2025-12-27T07:59:54Z</time>
        <speed>1.065475</speed>
      </trkpt>
      <trkpt lat="24.9192992" lon="110.5220129">
        <ele>108.0</ele>
        <time>2025-12-27T08:00:08Z</time>
        <speed>0.0</speed>
      </trkpt>
      <trkpt lat="24.9192437" lon="110.5220827">
        <ele>105.77</ele>
        <time>2025-12-27T08:00:46Z</time>
        <speed>0.27022916</speed>
      </trkpt>
      <trkpt lat="24.9191932" lon="110.5221651">
        <ele>104.32</ele>
        <time>2025-12-27T08:00:56Z</time>
        <speed>0.6748008</speed>
      </trkpt>
      <trkpt lat="24.9191605" lon="110.5222698">
        <ele>104.05</ele>
        <time>2025-12-27T08:01:12Z</time>
        <speed>0.3500111</speed>
      </trkpt>
      <trkpt lat="24.9191457" lon="110.5223745">
        <ele>104.93</ele>
        <time>2025-12-27T08:01:42Z</time>
        <speed>0.20897722</speed>
      </trkpt>
      <trkpt lat="24.9191722" lon="110.5223242">
        <ele>106.55</ele>
        <time>2025-12-27T08:02:20Z</time>
        <speed>0.8812044</speed>
      </trkpt>
      <trkpt lat="24.9192069" lon="110.522221">
        <ele>107.82</ele>
        <time>2025-12-27T08:02:32Z</time>
        <speed>0.89510196</speed>
      </trkpt>
      <trkpt lat="24.919279" lon="110.5221402">
        <ele>107.81</ele>
        <time>2025-12-27T08:02:42Z</time>
        <speed>0.94142693</speed>
      </trkpt>
      <trkpt lat="24.9193038" lon="110.5220359">
        <ele>106.86</ele>
        <time>2025-12-27T08:02:54Z</time>
        <speed>0.9553245</speed>
      </trkpt>
      <trkpt lat="24.9192604" lon="110.5219467">
        <ele>104.81</ele>
        <time>2025-12-27T08:03:06Z</time>
        <speed>0.6037692</speed>
      </trkpt>
      <trkpt lat="24.9191781" lon="110.5218758">
        <ele>101.93</ele>
        <time>2025-12-27T08:03:18Z</time>
        <speed>0.37935027</speed>
      </trkpt>
      <trkpt lat="24.9190807" lon="110.5218471">
        <ele>99.08</ele>
        <time>2025-12-27T08:03:32Z</time>
        <speed>0.4534703</speed>
      </trkpt>
      <trkpt lat="24.9189721" lon="110.5218419">
        <ele>97.49</ele>
        <time>2025-12-27T08:03:50Z</time>
        <speed>0.4534703</speed>
      </trkpt>
      <trkpt lat="24.9188889" lon="110.5217888">
        <ele>98.23</ele>
        <time>2025-12-27T08:04:02Z</time>
        <speed>0.8106875</speed>
      </trkpt>
      <trkpt lat="24.9188235" lon="110.5216879">
        <ele>99.81</ele>
        <time>2025-12-27T08:04:16Z</time>
        <speed>0.9476036</speed>
      </trkpt>
      <trkpt lat="24.9188008" lon="110.5215733">
        <ele>102.3</ele>
        <time>2025-12-27T08:04:26Z</time>
        <speed>1.1380508</speed>
      </trkpt>
      <trkpt lat="24.9188126" lon="110.5214519">
        <ele>104.88</ele>
        <time>2025-12-27T08:04:38Z</time>
        <speed>0.9429711</speed>
      </trkpt>
      <trkpt lat="24.9188266" lon="110.5213379">
        <ele>107.38</ele>
        <time>2025-12-27T08:04:46Z</time>
        <speed>1.2940117</speed>
      </trkpt>
      <trkpt lat="24.9188017" lon="110.5212322">
        <ele>109.54</ele>
        <time>2025-12-27T08:04:54Z</time>
        <speed>1.5055625</speed>
      </trkpt>
      <trkpt lat="24.9187818" lon="110.5211299">
        <ele>110.77</ele>
        <time>2025-12-27T08:05:04Z</time>
        <speed>0.8940725</speed>
      </trkpt>
      <trkpt lat="24.9187925" lon="110.5210312">
        <ele>111.77</ele>
        <time>2025-12-27T08:05:14Z</time>
        <speed>0.7859808</speed>
      </trkpt>
      <trkpt lat="24.9187934" lon="110.5209173">
        <ele>113.55</ele>
        <time>2025-12-27T08:05:26Z</time>
        <speed>0.7473767</speed>
      </trkpt>
      <trkpt lat="24.9187767" lon="110.5208011">
        <ele>115.76</ele>
        <time>2025-12-27T08:05:36Z</time>
        <speed>1.022753</speed>
      </trkpt>
      <trkpt lat="24.918782" lon="110.5206949">
        <ele>116.64</ele>
        <time>2025-12-27T08:05:52Z</time>
        <speed>0.46736777</speed>
      </trkpt>
      <trkpt lat="24.9188488" lon="110.5206315">
        <ele>118.09</ele>
        <time>2025-12-27T08:06:02Z</time>
        <speed>0.0</speed>
      </trkpt>
      <trkpt lat="24.9188322" lon="110.5206862">
        <ele>118.87</ele>
        <time>2025-12-27T08:06:42Z</time>
        <speed>0.4931039</speed>
      </trkpt>
      <trkpt lat="24.9188651" lon="110.5207866">
        <ele>119.31</ele>
        <time>2025-12-27T08:06:54Z</time>
        <speed>0.95738333</speed>
      </trkpt>
      <trkpt lat="24.9188625" lon="110.520902">
        <ele>120.6</ele>
        <time>2025-12-27T08:07:06Z</time>
        <speed>0.7900986</speed>
      </trkpt>
      <trkpt lat="24.9188329" lon="110.5210189">
        <ele>121.89</ele>
        <time>2025-12-27T08:07:18Z</time>
        <speed>0.66759473</speed>
      </trkpt>
      <trkpt lat="24.9187771" lon="110.5211169">
        <ele>123.31</ele>
        <time>2025-12-27T08:07:30Z</time>
        <speed>0.5862686</speed>
      </trkpt>
      <trkpt lat="24.9187215" lon="110.5212244">
        <ele>124.86</ele>
        <time>2025-12-27T08:07:44Z</time>
        <speed>0.5342817</speed>
      </trkpt>
      <trkpt lat="24.9186422" lon="110.5213189">
        <ele>126.9</ele>
        <time>2025-12-27T08:07:56Z</time>
        <speed>0.750465</speed>
      </trkpt>
      <trkpt lat="24.9185718" lon="110.5214017">
        <ele>128.53</ele>
        <time>2025-12-27T08:08:08Z</time>
        <speed>0.6531825</speed>
      </trkpt>
      <trkpt lat="24.918483" lon="110.5214619">
        <ele>130.11</ele>
        <time>2025-12-27T08:08:22Z</time>
        <speed>0.50648665</speed>
      </trkpt>
      <trkpt lat="24.9183917" lon="110.521492">
        <ele>131.57</ele>
        <time>2025-12-27T08:08:34Z</time>
        <speed>0.5070014</speed>
      </trkpt>
      <trkpt lat="24.9182946" lon="110.5215091">
        <ele>132.61</ele>
        <time>2025-12-27T08:09:14Z</time>
        <speed>0.3011125</speed>
      </trkpt>
      <trkpt lat="24.9181912" lon="110.5215315">
        <ele>133.77</ele>
        <time>2025-12-27T08:09:30Z</time>
        <speed>0.62693167</speed>
      </trkpt>
      <trkpt lat="24.9181083" lon="110.5215933">
        <ele>134.21</ele>
        <time>2025-12-27T08:11:14Z</time>
        <speed>0.4406022</speed>
      </trkpt>
      <trkpt lat="24.9180417" lon="110.521675">
        <ele>135.02</ele>
        <time>2025-12-27T08:11:26Z</time>
        <speed>0.58987164</speed>
      </trkpt>
      <trkpt lat="24.9179651" lon="110.5217397">
        <ele>135.4</ele>
        <time>2025-12-27T08:11:36Z</time>
        <speed>0.0</speed>
      </trkpt>
      <trkpt lat="24.9178688" lon="110.5217873">
        <ele>135.57</ele>
        <time>2025-12-27T08:11:48Z</time>
        <speed>0.6645064</speed>
      </trkpt>
      <trkpt lat="24.9177713" lon="110.5218107">
        <ele>135.76</ele>
        <time>2025-12-27T08:12:02Z</time>
        <speed>0.56156194</speed>
      </trkpt>
      <trkpt lat="24.9176791" lon="110.5218523">
        <ele>136.03</ele>
        <time>2025-12-27T08:12:26Z</time>
        <speed>0.45707333</speed>
      </trkpt>
      <trkpt lat="24.9175895" lon="110.5218412">
        <ele>137.01</ele>
        <time>2025-12-27T08:12:50Z</time>
        <speed>0.55178225</speed>
      </trkpt>
      <trkpt lat="24.9174973" lon="110.5218045">
        <ele>138.85</ele>
        <time>2025-12-27T08:13:06Z</time>
        <speed>0.0</speed>
      </trkpt>
      <trkpt lat="24.9174003" lon="110.5217941">
        <ele>140.85</ele>
        <time>2025-12-27T08:13:30Z</time>
        <speed>0.3567025</speed>
      </trkpt>
      <trkpt lat="24.9173066" lon="110.5217863">
        <ele>143.5</ele>
        <time>2025-12-27T08:13:40Z</time>
        <speed>0.7200964</speed>
      </trkpt>
      <trkpt lat="24.9172169" lon="110.5217569">
        <ele>145.61</ele>
        <time>2025-12-27T08:13:54Z</time>
        <speed>0.43442556</speed>
      </trkpt>
      <trkpt lat="24.9171538" lon="110.5216871">
        <ele>147.63</ele>
        <time>2025-12-27T08:14:16Z</time>
        <speed>0.3402314</speed>
      </trkpt>
      <trkpt lat="24.9170801" lon="110.52171">
        <ele>149.03</ele>
        <time>2025-12-27T08:14:30Z</time>
        <speed>0.46273527</speed>
      </trkpt>
      <trkpt lat="24.9169922" lon="110.5217346">
        <ele>149.92</ele>
        <time>2025-12-27T08:14:46Z</time>
        <speed>0.47354445</speed>
      </trkpt>
      <trkpt lat="24.9169001" lon="110.5217462">
        <ele>150.64</ele>
        <time>2025-12-27T08:15:12Z</time>
        <speed>0.20897722</speed>
      </trkpt>
      <trkpt lat="24.9169349" lon="110.5217123">
        <ele>152.04</ele>
        <time>2025-12-27T08:16:08Z</time>
        <speed>0.22493361</speed>
      </trkpt>
      <trkpt lat="24.9169802" lon="110.5216225">
        <ele>157.79</ele>
        <time>2025-12-27T08:16:50Z</time>
        <speed>0.18941778</speed>
      </trkpt>
      <trkpt lat="24.9170353" lon="110.5215235">
        <ele>162.78</ele>
        <time>2025-12-27T08:17:10Z</time>
        <speed>0.45964694</speed>
      </trkpt>
      <trkpt lat="24.9170648" lon="110.5214165">
        <ele>165.84</ele>
        <time>2025-12-27T08:17:46Z</time>
        <speed>0.18272638</speed>
      </trkpt>
      <trkpt lat="24.9170546" lon="110.5213095">
        <ele>168.79</ele>
        <time>2025-12-27T08:18:08Z</time>
        <speed>0.4519261</speed>
      </trkpt>
      <trkpt lat="24.9170814" lon="110.5212131">
        <ele>171.03</ele>
        <time>2025-12-27T08:18:40Z</time>
        <speed>0.16162278</speed>
      </trkpt>
      <trkpt lat="24.9170486" lon="110.5211141">
        <ele>173.56</ele>
        <time>2025-12-27T08:18:58Z</time>
        <speed>0.6361967</speed>
      </trkpt>
      <trkpt lat="24.9170645" lon="110.5210178">
        <ele>174.78</ele>
        <time>2025-12-27T08:19:20Z</time>
        <speed>0.0</speed>
      </trkpt>
      <trkpt lat="24.9171361" lon="110.5209665">
        <ele>175.82</ele>
        <time>2025-12-27T08:20:12Z</time>
        <speed>0.6171519</speed>
      </trkpt>
      <trkpt lat="24.9172294" lon="110.5209654">
        <ele>176.93</ele>
        <time>2025-12-27T08:21:06Z</time>
        <speed>0.27177334</speed>
      </trkpt>
      <trkpt lat="24.917273" lon="110.5208911">
        <ele>177.05</ele>
        <time>2025-12-27T08:21:52Z</time>
        <speed>0.29699472</speed>
      </trkpt>
      <trkpt lat="24.917335" lon="110.520815">
        <ele>176.47</ele>
        <time>2025-12-27T08:23:52Z</time>
        <speed>0.23883112</speed>
      </trkpt>
      <trkpt lat="24.9173483" lon="110.5207167">
        <ele>174.89</ele>
        <time>2025-12-27T08:24:36Z</time>
        <speed>0.48950082</speed>
      </trkpt>
      <trkpt lat="24.917475" lon="110.520655">
        <ele>173.82</ele>
        <time>2025-12-27T08:29:26Z</time>
        <speed>0.0</speed>
      </trkpt>
      <trkpt lat="24.9175217" lon="110.52074">
        <ele>173.81</ele>
        <time>2025-12-27T08:30:42Z</time>
        <speed>0.39015946</speed>
      </trkpt>
      <trkpt lat="24.9176117" lon="110.52073">
        <ele>176.6</ele>
        <time>2025-12-27T08:32:08Z</time>
        <speed>0.0</speed>
      </trkpt>
      <trkpt lat="24.9176667" lon="110.5206383">
        <ele>180.99</ele>
        <time>2025-12-27T08:33:22Z</time>
        <speed>0.0</speed>
      </trkpt>
      <trkpt lat="24.9177583" lon="110.5206117">
        <ele>182.41</ele>
        <time>2025-12-27T08:34:14Z</time>
        <speed>0.24964027</speed>
      </trkpt>
      <trkpt lat="24.91779" lon="110.5207067">
        <ele>185.12</ele>
        <time>2025-12-27T08:53:32Z</time>
        <speed>0.4426611</speed>
      </trkpt>
      <trkpt lat="24.9177" lon="110.5207117">
        <ele>212.08</ele>
        <time>2025-12-27T08:53:50Z</time>
        <speed>0.7684803</speed>
      </trkpt>
      <trkpt lat="24.9176297" lon="110.5207717">
        <ele>228.18</ele>
        <time>2025-12-27T08:54:32Z</time>
        <speed>0.30728915</speed>
      </trkpt>
      <trkpt lat="24.9175417" lon="110.5208167">
        <ele>240.1</ele>
        <time>2025-12-27T08:55:58Z</time>
        <speed>0.5353111</speed>
      </trkpt>
      <trkpt lat="24.9174217" lon="110.5207817">
        <ele>249.61</ele>
        <time>2025-12-27T08:57:08Z</time>
        <speed>0.21258028</speed>
      </trkpt>
      <trkpt lat="24.91734" lon="110.5207383">
        <ele>260.01</ele>
        <time>2025-12-27T08:58:30Z</time>
        <speed>0.0</speed>
      </trkpt>
      <trkpt lat="24.9173083" lon="110.5208733">
        <ele>270.98</ele>
        <time>2025-12-27T08:59:48Z</time>
        <speed>0.0</speed>
      </trkpt>
      <trkpt lat="24.91734" lon="110.5209667">
        <ele>278.04</ele>
        <time>2025-12-27T09:00:34Z</time>
        <speed>0.20331527</speed>
      </trkpt>
      <trkpt lat="24.9173801" lon="110.52106">
        <ele>278.41</ele>
        <time>2025-12-27T09:00:58Z</time>
        <speed>0.0</speed>
      </trkpt>
      <trkpt lat="24.9173716" lon="110.5211675">
        <ele>276.6</ele>
        <time>2025-12-27T09:01:50Z</time>
        <speed>0.18324111</speed>
      </trkpt>
      <trkpt lat="24.9172683" lon="110.52129">
        <ele>271.65</ele>
        <time>2025-12-27T09:03:38Z</time>
        <speed>0.36184973</speed>
      </trkpt>
      <trkpt lat="24.917205" lon="110.5214017">
        <ele>264.49</ele>
        <time>2025-12-27T09:04:12Z</time>
        <speed>0.30677444</speed>
      </trkpt>
      <trkpt lat="24.9171558" lon="110.5214922">
        <ele>258.56</ele>
        <time>2025-12-27T09:04:48Z</time>
        <speed>0.42464584</speed>
      </trkpt>
      <trkpt lat="24.917127" lon="110.5215918">
        <ele>253.11</ele>
        <time>2025-12-27T09:05:18Z</time>
        <speed>0.47097084</speed>
      </trkpt>
      <trkpt lat="24.9170722" lon="110.5216829">
        <ele>247.73</ele>
        <time>2025-12-27T09:06:04Z</time>
        <speed>0.31603944</speed>
      </trkpt>
      <trkpt lat="24.9170397" lon="110.5217797">
        <ele>238.73</ele>
        <time>2025-12-27T09:06:24Z</time>
        <speed>0.453985</speed>
      </trkpt>
      <trkpt lat="24.9170072" lon="110.5219266">
        <ele>228.86</ele>
        <time>2025-12-27T09:07:12Z</time>
        <speed>0.38552696</speed>
      </trkpt>
      <trkpt lat="24.917074" lon="110.5219778">
        <ele>213.7</ele>
        <time>2025-12-27T09:07:32Z</time>
        <speed>0.67274195</speed>
      </trkpt>
      <trkpt lat="24.9171703" lon="110.522">
        <ele>202.17</ele>
        <time>2025-12-27T09:07:42Z</time>
        <speed>0.94091225</speed>
      </trkpt>
      <trkpt lat="24.9172805" lon="110.5220079">
        <ele>195.17</ele>
        <time>2025-12-27T09:08:00Z</time>
        <speed>0.61766666</speed>
      </trkpt>
      <trkpt lat="24.9173937" lon="110.5219904">
        <ele>190.37</ele>
        <time>2025-12-27T09:08:12Z</time>
        <speed>0.6573003</speed>
      </trkpt>
      <trkpt lat="24.9174959" lon="110.5219499">
        <ele>186.64</ele>
        <time>2025-12-27T09:08:24Z</time>
        <speed>0.6274464</speed>
      </trkpt>
      <trkpt lat="24.9175911" lon="110.5219416">
        <ele>182.62</ele>
        <time>2025-12-27T09:08:36Z</time>
        <speed>0.84723276</speed>
      </trkpt>
      <trkpt lat="24.9176845" lon="110.5219464">
        <ele>178.91</ele>
        <time>2025-12-27T09:08:58Z</time>
        <speed>0.41743973</speed>
      </trkpt>
      <trkpt lat="24.9177812" lon="110.5219432">
        <ele>173.49</ele>
        <time>2025-12-27T09:09:10Z</time>
        <speed>0.8683364</speed>
      </trkpt>
      <trkpt lat="24.9178805" lon="110.5219249">
        <ele>168.8</ele>
        <time>2025-12-27T09:09:22Z</time>
        <speed>0.7031106</speed>
      </trkpt>
      <trkpt lat="24.9179733" lon="110.5218735">
        <ele>165.1</ele>
        <time>2025-12-27T09:09:36Z</time>
        <speed>0.78701025</speed>
      </trkpt>
      <trkpt lat="24.9180446" lon="110.5217934">
        <ele>160.84</ele>
        <time>2025-12-27T09:09:44Z</time>
        <speed>1.0834903</speed>
      </trkpt>
      <trkpt lat="24.9181247" lon="110.5217475">
        <ele>157.99</ele>
        <time>2025-12-27T09:09:54Z</time>
        <speed>0.9069406</speed>
      </trkpt>
      <trkpt lat="24.9182092" lon="110.5216894">
        <ele>156.49</ele>
        <time>2025-12-27T09:10:08Z</time>
        <speed>0.6367114</speed>
      </trkpt>
      <trkpt lat="24.9182969" lon="110.5216339">
        <ele>154.99</ele>
        <time>2025-12-27T09:10:24Z</time>
        <speed>0.76539195</speed>
      </trkpt>
      <trkpt lat="24.9183931" lon="110.5215986">
        <ele>153.49</ele>
        <time>2025-12-27T09:10:36Z</time>
        <speed>1.0876081</speed>
      </trkpt>
      <trkpt lat="24.9184821" lon="110.5215558">
        <ele>152.33</ele>
        <time>2025-12-27T09:10:48Z</time>
        <speed>0.71289027</speed>
      </trkpt>
      <trkpt lat="24.9185655" lon="110.5215041">
        <ele>151.07</ele>
        <time>2025-12-27T09:11:00Z</time>
        <speed>0.7736275</speed>
      </trkpt>
      <trkpt lat="24.9186455" lon="110.5214491">
        <ele>149.41</ele>
        <time>2025-12-27T09:11:14Z</time>
        <speed>0.72267</speed>
      </trkpt>
      <trkpt lat="24.9187123" lon="110.5213732">
        <ele>147.34</ele>
        <time>2025-12-27T09:11:24Z</time>
        <speed>0.9203233</speed>
      </trkpt>
      <trkpt lat="24.918772" lon="110.5212826">
        <ele>145.09</ele>
        <time>2025-12-27T09:11:36Z</time>
        <speed>0.77877474</speed>
      </trkpt>
      <trkpt lat="24.918825" lon="110.5211891">
        <ele>142.08</ele>
        <time>2025-12-27T09:11:50Z</time>
        <speed>0.59244525</speed>
      </trkpt>
      <trkpt lat="24.9188903" lon="110.5212115">
        <ele>138.78</ele>
        <time>2025-12-27T09:12:24Z</time>
        <speed>0.83899724</speed>
      </trkpt>
      <trkpt lat="24.9188995" lon="110.5213046">
        <ele>136.08</ele>
        <time>2025-12-27T09:12:34Z</time>
        <speed>0.9548097</speed>
      </trkpt>
      <trkpt lat="24.9188792" lon="110.5214315">
        <ele>135.05</ele>
        <time>2025-12-27T09:12:44Z</time>
        <speed>0.94400054</speed>
      </trkpt>
      <trkpt lat="24.9188649" lon="110.52155">
        <ele>133.65</ele>
        <time>2025-12-27T09:12:54Z</time>
        <speed>0.79370165</speed>
      </trkpt>
      <trkpt lat="24.9188559" lon="110.5216599">
        <ele>131.57</ele>
        <time>2025-12-27T09:13:02Z</time>
        <speed>0.9748839</speed>
      </trkpt>
      <trkpt lat="24.9188828" lon="110.5217629">
        <ele>129.52</ele>
        <time>2025-12-27T09:13:20Z</time>
        <speed>0.54303193</speed>
      </trkpt>
      <trkpt lat="24.9189396" lon="110.5218438">
        <ele>127.7</ele>
        <time>2025-12-27T09:13:38Z</time>
        <speed>0.42979306</speed>
      </trkpt>
      <trkpt lat="24.9190355" lon="110.5218513">
        <ele>126.15</ele>
        <time>2025-12-27T09:14:12Z</time>
        <speed>0.44780833</speed>
      </trkpt>
      <trkpt lat="24.9191482" lon="110.5217807">
        <ele>126.22</ele>
        <time>2025-12-27T09:15:02Z</time>
        <speed>0.39890972</speed>
      </trkpt>
      <trkpt lat="24.9192548" lon="110.5217526">
        <ele>122.6</ele>
        <time>2025-12-27T09:15:26Z</time>
        <speed>0.45964694</speed>
      </trkpt>
      <trkpt lat="24.9193551" lon="110.5217479">
        <ele>118.86</ele>
        <time>2025-12-27T09:15:36Z</time>
        <speed>1.0356212</speed>
      </trkpt>
      <trkpt lat="24.9193856" lon="110.5217393">
        <ele>115.61</ele>
        <time>2025-12-27T09:15:44Z</time>
        <speed>0.0</speed>
      </trkpt>
      <trkpt lat="24.919083" lon="110.521526">
        <ele>113.93</ele>
        <time>2025-12-27T09:18:58Z</time>
        <speed>0.38269544</speed>
      </trkpt>
      <trkpt lat="24.919083" lon="110.521526">
        <ele>113.93</ele>
        <time>2025-12-27T09:19:05Z</time>
        <speed>0.38269544</speed>
      </trkpt>
      <extensions>
        <PauseTimes>1766827145000:pause</PauseTimes>
      </extensions>
    </trkseg>
  </trk>
  <wpt lat="24.9961529" lon="110.4496002">
    <ele>138.0</ele>
    <time>2025-12-27T01:26:33Z</time>
    <name><![CDATA[起点
        ]]>
    </name>
    <cmt>起点
        </cmt>
    <desc><![CDATA[]]>
    </desc>
    <sym>Flag, Blue</sym>
    <type>user</type>
    <extensions>
      <PosType>0</PosType>
      <Speed>0.0</Speed>
      <Accuracy>0.0</Accuracy>
      <Time>1766798793000</Time>
      <description><![CDATA[]]>
      </description>
      <FileId>1534370333</FileId>
      <FileSize>7994988</FileSize>
      <FileType>0</FileType>
    </extensions>
  </wpt>
  <wpt lat="24.9953868" lon="110.4494591">
    <ele>109.0</ele>
    <time>2025-12-27T01:37:08Z</time>
    <name><![CDATA[前面等船过渡，十元一人
        ]]>
    </name>
    <cmt>前面等船过渡，十元一人
        </cmt>
    <desc><![CDATA[]]>
    </desc>
    <sym>Flag, Blue</sym>
    <type>user</type>
    <extensions>
      <PosType>0</PosType>
      <Speed>0.9656189</Speed>
      <Accuracy>10.1</Accuracy>
      <Time>1766799428463</Time>
      <description><![CDATA[]]>
      </description>
      <FileId>1534370432</FileId>
      <FileSize>4321617</FileSize>
      <FileType>0</FileType>
    </extensions>
  </wpt>
  <wpt lat="24.9934317" lon="110.4495067">
    <ele>100.0</ele>
    <time>2025-12-27T01:46:54Z</time>
    <name><![CDATA[
        ]]>
    </name>
    <cmt>
        </cmt>
    <desc><![CDATA[]]>
    </desc>
    <sym>Flag, Blue</sym>
    <type>user</type>
    <extensions>
      <PosType>0</PosType>
      <Speed>0.45964694</Speed>
      <Accuracy>12.5</Accuracy>
      <Time>1766800014442</Time>
      <description><![CDATA[]]>
      </description>
      <FileId>1534370434</FileId>
      <FileSize>7175846</FileSize>
      <FileType>0</FileType>
    </extensions>
  </wpt>
  <wpt lat="24.9930329" lon="110.4492472">
    <ele>110.0</ele>
    <time>2025-12-27T01:48:22Z</time>
    <name><![CDATA[
        ]]>
    </name>
    <cmt>
        </cmt>
    <desc><![CDATA[]]>
    </desc>
    <sym>Flag, Blue</sym>
    <type>user</type>
    <extensions>
      <PosType>0</PosType>
      <Speed>0.0</Speed>
      <Accuracy>10.5</Accuracy>
      <Time>1766800102488</Time>
      <description><![CDATA[]]>
      </description>
      <FileId>1534370435</FileId>
      <FileSize>9964512</FileSize>
      <FileType>0</FileType>
    </extensions>
  </wpt>
  <wpt lat="24.9868181" lon="110.4423583">
    <ele>122.0</ele>
    <time>2025-12-27T02:26:10Z</time>
    <name><![CDATA[枯水期可以沿着江边走
        ]]>
    </name>
    <cmt>枯水期可以沿着江边走
        </cmt>
    <desc><![CDATA[]]>
    </desc>
    <sym>Flag, Blue</sym>
    <type>user</type>
    <extensions>
      <PosType>0</PosType>
      <Speed>0.26250833</Speed>
      <Accuracy>13.8</Accuracy>
      <Time>1766802370431</Time>
      <description><![CDATA[]]>
      </description>
      <FileId>1534370438</FileId>
      <FileSize>7167029</FileSize>
      <FileType>0</FileType>
    </extensions>
  </wpt>
  <wpt lat="24.9849561" lon="110.4433614">
    <ele>120.0</ele>
    <time>2025-12-27T02:31:30Z</time>
    <name><![CDATA[
        ]]>
    </name>
    <cmt>
        </cmt>
    <desc><![CDATA[]]>
    </desc>
    <sym>Flag, Blue</sym>
    <type>user</type>
    <extensions>
      <PosType>0</PosType>
      <Speed>0.74789137</Speed>
      <Accuracy>11.0</Accuracy>
      <Time>1766802690472</Time>
      <description><![CDATA[]]>
      </description>
      <FileId>1534370440</FileId>
      <FileSize>6407903</FileSize>
      <FileType>0</FileType>
    </extensions>
  </wpt>
  <wpt lat="24.9800437" lon="110.4470017">
    <ele>120.0</ele>
    <time>2025-12-27T02:52:58Z</time>
    <name><![CDATA[
        ]]>
    </name>
    <cmt>
        </cmt>
    <desc><![CDATA[]]>
    </desc>
    <sym>Flag, Blue</sym>
    <type>user</type>
    <extensions>
      <PosType>0</PosType>
      <Speed>1.0572394</Speed>
      <Accuracy>12.1</Accuracy>
      <Time>1766803978536</Time>
      <description><![CDATA[]]>
      </description>
      <FileId>1534370442</FileId>
      <FileSize>8503378</FileSize>
      <FileType>0</FileType>
    </extensions>
  </wpt>
  <wpt lat="24.9791424" lon="110.447436">
    <ele>119.0</ele>
    <time>2025-12-27T02:54:56Z</time>
    <name><![CDATA[
        ]]>
    </name>
    <cmt>
        </cmt>
    <desc><![CDATA[]]>
    </desc>
    <sym>Flag, Blue</sym>
    <type>user</type>
    <extensions>
      <PosType>0</PosType>
      <Speed>1.1339331</Speed>
      <Accuracy>10.8</Accuracy>
      <Time>1766804096463</Time>
      <description><![CDATA[]]>
      </description>
      <FileId>1534370443</FileId>
      <FileSize>10229936</FileSize>
      <FileType>0</FileType>
    </extensions>
  </wpt>
  <wpt lat="24.9756079" lon="110.4499096">
    <ele>123.0</ele>
    <time>2025-12-27T03:02:36Z</time>
    <name><![CDATA[
        ]]>
    </name>
    <cmt>
        </cmt>
    <desc><![CDATA[]]>
    </desc>
    <sym>Flag, Blue</sym>
    <type>user</type>
    <extensions>
      <PosType>0</PosType>
      <Speed>1.0670192</Speed>
      <Accuracy>11.2</Accuracy>
      <Time>1766804556538</Time>
      <description><![CDATA[]]>
      </description>
      <FileId>1534370447</FileId>
      <FileSize>12749267</FileSize>
      <FileType>0</FileType>
    </extensions>
  </wpt>
  <wpt lat="24.9746158" lon="110.4505107">
    <ele>123.0</ele>
    <time>2025-12-27T03:04:32Z</time>
    <name><![CDATA[
        ]]>
    </name>
    <cmt>
        </cmt>
    <desc><![CDATA[]]>
    </desc>
    <sym>Flag, Blue</sym>
    <type>user</type>
    <extensions>
      <PosType>0</PosType>
      <Speed>1.0737106</Speed>
      <Accuracy>10.7</Accuracy>
      <Time>1766804672481</Time>
      <description><![CDATA[]]>
      </description>
      <FileId>1534370451</FileId>
      <FileSize>7536000</FileSize>
      <FileType>0</FileType>
    </extensions>
  </wpt>
  <wpt lat="24.9697627" lon="110.4528415">
    <ele>110.0</ele>
    <time>2025-12-27T03:21:36Z</time>
    <name><![CDATA[
        ]]>
    </name>
    <cmt>
        </cmt>
    <desc><![CDATA[]]>
    </desc>
    <sym>Flag, Blue</sym>
    <type>user</type>
    <extensions>
      <PosType>0</PosType>
      <Speed>0.24758139</Speed>
      <Accuracy>9.5</Accuracy>
      <Time>1766805696534</Time>
      <description><![CDATA[]]>
      </description>
      <FileId>1534370453</FileId>
      <FileSize>8166327</FileSize>
      <FileType>0</FileType>
    </extensions>
  </wpt>
  <wpt lat="24.9690861" lon="110.4518051">
    <ele>115.0</ele>
    <time>2025-12-27T03:24:12Z</time>
    <name><![CDATA[
        ]]>
    </name>
    <cmt>
        </cmt>
    <desc><![CDATA[]]>
    </desc>
    <sym>Flag, Blue</sym>
    <type>user</type>
    <extensions>
      <PosType>0</PosType>
      <Speed>1.1771697</Speed>
      <Accuracy>9.4</Accuracy>
      <Time>1766805852536</Time>
      <description><![CDATA[]]>
      </description>
      <FileId>1534370458</FileId>
      <FileSize>9722284</FileSize>
      <FileType>0</FileType>
    </extensions>
  </wpt>
  <wpt lat="24.9665062" lon="110.4528728">
    <ele>119.0</ele>
    <time>2025-12-27T03:31:03Z</time>
    <name><![CDATA[
        ]]>
    </name>
    <cmt>
        </cmt>
    <desc><![CDATA[]]>
    </desc>
    <sym>Flag, Blue</sym>
    <type>user</type>
    <extensions>
      <PosType>0</PosType>
      <Speed>1.2162886</Speed>
      <Accuracy>11.0</Accuracy>
      <Time>1766806263539</Time>
      <description><![CDATA[]]>
      </description>
      <FileId>1534370460</FileId>
      <FileSize>5039641</FileSize>
      <FileType>0</FileType>
    </extensions>
  </wpt>
  <wpt lat="24.9649258" lon="110.453331">
    <ele>127.0</ele>
    <time>2025-12-27T03:35:07Z</time>
    <name><![CDATA[
        ]]>
    </name>
    <cmt>
        </cmt>
    <desc><![CDATA[]]>
    </desc>
    <sym>Flag, Blue</sym>
    <type>user</type>
    <extensions>
      <PosType>0</PosType>
      <Speed>0.0</Speed>
      <Accuracy>0.0</Accuracy>
      <Time>1766806507000</Time>
      <description><![CDATA[]]>
      </description>
      <FileId>1534370335</FileId>
      <FileSize>5587130</FileSize>
      <FileType>0</FileType>
    </extensions>
  </wpt>
  <wpt lat="24.9645678" lon="110.4535237">
    <ele>121.0</ele>
    <time>2025-12-27T03:35:59Z</time>
    <name><![CDATA[
        ]]>
    </name>
    <cmt>
        </cmt>
    <desc><![CDATA[]]>
    </desc>
    <sym>Flag, Blue</sym>
    <type>user</type>
    <extensions>
      <PosType>0</PosType>
      <Speed>0.9965022</Speed>
      <Accuracy>10.6</Accuracy>
      <Time>1766806559481</Time>
      <description><![CDATA[]]>
      </description>
      <FileId>1534370462</FileId>
      <FileSize>7187579</FileSize>
      <FileType>0</FileType>
    </extensions>
  </wpt>
  <wpt lat="24.9563924" lon="110.4559573">
    <ele>111.0</ele>
    <time>2025-12-27T04:02:41Z</time>
    <name><![CDATA[第二次过渡也是十块
        ]]>
    </name>
    <cmt>第二次过渡也是十块
        </cmt>
    <desc><![CDATA[]]>
    </desc>
    <sym>Flag, Blue</sym>
    <type>user</type>
    <extensions>
      <PosType>0</PosType>
      <Speed>0.9033375</Speed>
      <Accuracy>10.2</Accuracy>
      <Time>1766808161518</Time>
      <description><![CDATA[]]>
      </description>
      <FileId>1534370466</FileId>
      <FileSize>8913544</FileSize>
      <FileType>0</FileType>
    </extensions>
  </wpt>
  <wpt lat="24.9472828" lon="110.4648361">
    <ele>130.0</ele>
    <time>2025-12-27T04:31:00Z</time>
    <name><![CDATA[
        ]]>
    </name>
    <cmt>
        </cmt>
    <desc><![CDATA[]]>
    </desc>
    <sym>Flag, Blue</sym>
    <type>user</type>
    <extensions>
      <PosType>0</PosType>
      <Speed>0.0</Speed>
      <Accuracy>0.0</Accuracy>
      <Time>1766809860000</Time>
      <description><![CDATA[]]>
      </description>
      <FileId>1534370338</FileId>
      <FileSize>6119900</FileSize>
      <FileType>0</FileType>
    </extensions>
  </wpt>
  <wpt lat="24.9469613" lon="110.4673648">
    <ele>108.0</ele>
    <time>2025-12-27T04:49:21Z</time>
    <name><![CDATA[
        ]]>
    </name>
    <cmt>
        </cmt>
    <desc><![CDATA[]]>
    </desc>
    <sym>Flag, Blue</sym>
    <type>user</type>
    <extensions>
      <PosType>0</PosType>
      <Speed>0.3005978</Speed>
      <Accuracy>9.9</Accuracy>
      <Time>1766810961437</Time>
      <description><![CDATA[]]>
      </description>
      <FileId>1534370468</FileId>
      <FileSize>8720416</FileSize>
      <FileType>0</FileType>
    </extensions>
  </wpt>
  <wpt lat="24.947031" lon="110.4680786">
    <ele>129.0</ele>
    <time>2025-12-27T04:51:09Z</time>
    <name><![CDATA[
        ]]>
    </name>
    <cmt>
        </cmt>
    <desc><![CDATA[]]>
    </desc>
    <sym>Flag, Blue</sym>
    <type>user</type>
    <extensions>
      <PosType>0</PosType>
      <Speed>0.0</Speed>
      <Accuracy>0.0</Accuracy>
      <Time>1766811069000</Time>
      <description><![CDATA[]]>
      </description>
      <FileId>1534370341</FileId>
      <FileSize>9894647</FileSize>
      <FileType>0</FileType>
    </extensions>
  </wpt>
  <wpt lat="24.9470701" lon="110.4822006">
    <ele>106.0</ele>
    <time>2025-12-27T05:28:51Z</time>
    <name><![CDATA[
        ]]>
    </name>
    <cmt>
        </cmt>
    <desc><![CDATA[]]>
    </desc>
    <sym>Flag, Blue</sym>
    <type>user</type>
    <extensions>
      <PosType>0</PosType>
      <Speed>0.6995075</Speed>
      <Accuracy>9.2</Accuracy>
      <Time>1766813331567</Time>
      <description><![CDATA[]]>
      </description>
      <FileId>1534370471</FileId>
      <FileSize>7939238</FileSize>
      <FileType>0</FileType>
    </extensions>
  </wpt>
  <wpt lat="24.9443241" lon="110.4857972">
    <ele>103.0</ele>
    <time>2025-12-27T05:38:18Z</time>
    <name><![CDATA[
        ]]>
    </name>
    <cmt>
        </cmt>
    <desc><![CDATA[]]>
    </desc>
    <sym>Flag, Blue</sym>
    <type>user</type>
    <extensions>
      <PosType>0</PosType>
      <Speed>0.0</Speed>
      <Accuracy>9.1</Accuracy>
      <Time>1766813898472</Time>
      <description><![CDATA[]]>
      </description>
      <FileId>1534370475</FileId>
      <FileSize>7905659</FileSize>
      <FileType>0</FileType>
    </extensions>
  </wpt>
  <wpt lat="24.9410283" lon="110.4874229">
    <ele>104.0</ele>
    <time>2025-12-27T05:45:28Z</time>
    <name><![CDATA[
        ]]>
    </name>
    <cmt>
        </cmt>
    <desc><![CDATA[]]>
    </desc>
    <sym>Flag, Blue</sym>
    <type>user</type>
    <extensions>
      <PosType>0</PosType>
      <Speed>0.4982511</Speed>
      <Accuracy>9.6</Accuracy>
      <Time>1766814328479</Time>
      <description><![CDATA[]]>
      </description>
      <FileId>1534370480</FileId>
      <FileSize>6360552</FileSize>
      <FileType>0</FileType>
    </extensions>
  </wpt>
  <wpt lat="24.9392975" lon="110.4875393">
    <ele>106.0</ele>
    <time>2025-12-27T05:52:18Z</time>
    <name><![CDATA[
        ]]>
    </name>
    <cmt>
        </cmt>
    <desc><![CDATA[]]>
    </desc>
    <sym>Flag, Blue</sym>
    <type>user</type>
    <extensions>
      <PosType>0</PosType>
      <Speed>0.0</Speed>
      <Accuracy>10.7</Accuracy>
      <Time>1766814738488</Time>
      <description><![CDATA[]]>
      </description>
      <FileId>1534370483</FileId>
      <FileSize>6310733</FileSize>
      <FileType>0</FileType>
    </extensions>
  </wpt>
  <wpt lat="24.9383734" lon="110.4869226">
    <ele>103.0</ele>
    <time>2025-12-27T05:57:36Z</time>
    <name><![CDATA[最后一次过渡，五块
        ]]>
    </name>
    <cmt>最后一次过渡，五块
        </cmt>
    <desc><![CDATA[]]>
    </desc>
    <sym>Flag, Blue</sym>
    <type>user</type>
    <extensions>
      <PosType>0</PosType>
      <Speed>0.8250997</Speed>
      <Accuracy>9.7</Accuracy>
      <Time>1766815056575</Time>
      <description><![CDATA[]]>
      </description>
      <FileId>1534370488</FileId>
      <FileSize>3768928</FileSize>
      <FileType>0</FileType>
    </extensions>
  </wpt>
  <wpt lat="24.936388" lon="110.4869995">
    <ele>156.0</ele>
    <time>2025-12-27T06:02:53Z</time>
    <name><![CDATA[
        ]]>
    </name>
    <cmt>
        </cmt>
    <desc><![CDATA[]]>
    </desc>
    <sym>Flag, Blue</sym>
    <type>user</type>
    <extensions>
      <PosType>0</PosType>
      <Speed>0.0</Speed>
      <Accuracy>0.0</Accuracy>
      <Time>1766815373000</Time>
      <description><![CDATA[]]>
      </description>
      <FileId>1534372396</FileId>
      <FileSize>8321772</FileSize>
      <FileType>0</FileType>
    </extensions>
  </wpt>
  <wpt lat="24.936388" lon="110.4869995">
    <ele>156.0</ele>
    <time>2025-12-27T06:02:57Z</time>
    <name><![CDATA[
        ]]>
    </name>
    <cmt>
        </cmt>
    <desc><![CDATA[]]>
    </desc>
    <sym>Flag, Blue</sym>
    <type>user</type>
    <extensions>
      <PosType>0</PosType>
      <Speed>0.0</Speed>
      <Accuracy>0.0</Accuracy>
      <Time>1766815377000</Time>
      <description><![CDATA[]]>
      </description>
      <FileId>1534370343</FileId>
      <FileSize>7408566</FileSize>
      <FileType>0</FileType>
    </extensions>
  </wpt>
  <wpt lat="24.9273826" lon="110.4864352">
    <ele>101.0</ele>
    <time>2025-12-27T06:25:01Z</time>
    <name><![CDATA[
        ]]>
    </name>
    <cmt>
        </cmt>
    <desc><![CDATA[]]>
    </desc>
    <sym>Flag, Blue</sym>
    <type>user</type>
    <extensions>
      <PosType>0</PosType>
      <Speed>0.0</Speed>
      <Accuracy>10.9</Accuracy>
      <Time>1766816701502</Time>
      <description><![CDATA[]]>
      </description>
      <FileId>1534370493</FileId>
      <FileSize>8766827</FileSize>
      <FileType>0</FileType>
    </extensions>
  </wpt>
  <wpt lat="24.9239811" lon="110.5023198">
    <ele>103.0</ele>
    <time>2025-12-27T06:53:09Z</time>
    <name><![CDATA[
        ]]>
    </name>
    <cmt>
        </cmt>
    <desc><![CDATA[]]>
    </desc>
    <sym>Flag, Blue</sym>
    <type>user</type>
    <extensions>
      <PosType>0</PosType>
      <Speed>0.69127196</Speed>
      <Accuracy>10.8</Accuracy>
      <Time>1766818389574</Time>
      <description><![CDATA[]]>
      </description>
      <FileId>1534370498</FileId>
      <FileSize>5710548</FileSize>
      <FileType>0</FileType>
    </extensions>
  </wpt>
  <wpt lat="24.9245349" lon="110.5035496">
    <ele>97.0</ele>
    <time>2025-12-27T06:55:25Z</time>
    <name><![CDATA[
        ]]>
    </name>
    <cmt>
        </cmt>
    <desc><![CDATA[]]>
    </desc>
    <sym>Flag, Blue</sym>
    <type>user</type>
    <extensions>
      <PosType>0</PosType>
      <Speed>0.7015664</Speed>
      <Accuracy>9.7</Accuracy>
      <Time>1766818525550</Time>
      <description><![CDATA[]]>
      </description>
      <FileId>1534370500</FileId>
      <FileSize>6904213</FileSize>
      <FileType>0</FileType>
    </extensions>
  </wpt>
  <wpt lat="24.9247327" lon="110.5039199">
    <ele>96.0</ele>
    <time>2025-12-27T06:56:01Z</time>
    <name><![CDATA[
        ]]>
    </name>
    <cmt>
        </cmt>
    <desc><![CDATA[]]>
    </desc>
    <sym>Flag, Blue</sym>
    <type>user</type>
    <extensions>
      <PosType>0</PosType>
      <Speed>0.0</Speed>
      <Accuracy>10.5</Accuracy>
      <Time>1766818561524</Time>
      <description><![CDATA[]]>
      </description>
      <FileId>1534370505</FileId>
      <FileSize>5790119</FileSize>
      <FileType>0</FileType>
    </extensions>
  </wpt>
  <wpt lat="24.9254979" lon="110.5071144">
    <ele>101.0</ele>
    <time>2025-12-27T07:01:02Z</time>
    <name><![CDATA[
        ]]>
    </name>
    <cmt>
        </cmt>
    <desc><![CDATA[]]>
    </desc>
    <sym>Flag, Blue</sym>
    <type>user</type>
    <extensions>
      <PosType>0</PosType>
      <Speed>0.48538306</Speed>
      <Accuracy>10.9</Accuracy>
      <Time>1766818862514</Time>
      <description><![CDATA[]]>
      </description>
      <FileId>1534370508</FileId>
      <FileSize>5234357</FileSize>
      <FileType>0</FileType>
    </extensions>
  </wpt>
  <wpt lat="24.925863" lon="110.50857">
    <ele>100.0</ele>
    <time>2025-12-27T07:03:16Z</time>
    <name><![CDATA[
        ]]>
    </name>
    <cmt>
        </cmt>
    <desc><![CDATA[]]>
    </desc>
    <sym>Flag, Blue</sym>
    <type>user</type>
    <extensions>
      <PosType>0</PosType>
      <Speed>0.0</Speed>
      <Accuracy>10.6</Accuracy>
      <Time>1766818996511</Time>
      <description><![CDATA[]]>
      </description>
      <FileId>1534370510</FileId>
      <FileSize>3637566</FileSize>
      <FileType>0</FileType>
    </extensions>
  </wpt>
  <wpt lat="24.9264533" lon="110.5112009">
    <ele>98.0</ele>
    <time>2025-12-27T07:10:12Z</time>
    <name><![CDATA[
        ]]>
    </name>
    <cmt>
        </cmt>
    <desc><![CDATA[]]>
    </desc>
    <sym>Flag, Blue</sym>
    <type>user</type>
    <extensions>
      <PosType>0</PosType>
      <Speed>0.9712808</Speed>
      <Accuracy>10.4</Accuracy>
      <Time>1766819412523</Time>
      <description><![CDATA[]]>
      </description>
      <FileId>1534370511</FileId>
      <FileSize>6565170</FileSize>
      <FileType>0</FileType>
    </extensions>
  </wpt>
  <wpt lat="24.9265337" lon="110.5114013">
    <ele>93.0</ele>
    <time>2025-12-27T07:10:58Z</time>
    <name><![CDATA[
        ]]>
    </name>
    <cmt>
        </cmt>
    <desc><![CDATA[]]>
    </desc>
    <sym>Flag, Blue</sym>
    <type>user</type>
    <extensions>
      <PosType>0</PosType>
      <Speed>0.74943554</Speed>
      <Accuracy>10.1</Accuracy>
      <Time>1766819458512</Time>
      <description><![CDATA[]]>
      </description>
      <FileId>1534370515</FileId>
      <FileSize>4097249</FileSize>
      <FileType>0</FileType>
    </extensions>
  </wpt>
  <wpt lat="24.9256661" lon="110.515655">
    <ele>104.0</ele>
    <time>2025-12-27T07:19:34Z</time>
    <name><![CDATA[
        ]]>
    </name>
    <cmt>
        </cmt>
    <desc><![CDATA[]]>
    </desc>
    <sym>Flag, Blue</sym>
    <type>user</type>
    <extensions>
      <PosType>0</PosType>
      <Speed>0.0</Speed>
      <Accuracy>11.4</Accuracy>
      <Time>1766819974476</Time>
      <description><![CDATA[]]>
      </description>
      <FileId>1534370517</FileId>
      <FileSize>4678084</FileSize>
      <FileType>0</FileType>
    </extensions>
  </wpt>
  <wpt lat="24.9252096" lon="110.5168318">
    <ele>95.0</ele>
    <time>2025-12-27T07:25:08Z</time>
    <name><![CDATA[
        ]]>
    </name>
    <cmt>
        </cmt>
    <desc><![CDATA[]]>
    </desc>
    <sym>Flag, Blue</sym>
    <type>user</type>
    <extensions>
      <PosType>0</PosType>
      <Speed>0.64700586</Speed>
      <Accuracy>11.0</Accuracy>
      <Time>1766820308555</Time>
      <description><![CDATA[]]>
      </description>
      <FileId>1534370518</FileId>
      <FileSize>5505158</FileSize>
      <FileType>0</FileType>
    </extensions>
  </wpt>
  <wpt lat="24.9242744" lon="110.5189438">
    <ele>115.0</ele>
    <time>2025-12-27T07:38:28Z</time>
    <name><![CDATA[
        ]]>
    </name>
    <cmt>
        </cmt>
    <desc><![CDATA[]]>
    </desc>
    <sym>Flag, Blue</sym>
    <type>user</type>
    <extensions>
      <PosType>0</PosType>
      <Speed>0.0</Speed>
      <Accuracy>0.0</Accuracy>
      <Time>1766821108000</Time>
      <description><![CDATA[]]>
      </description>
      <FileId>1534370351</FileId>
      <FileSize>3960357</FileSize>
      <FileType>0</FileType>
    </extensions>
  </wpt>
  <wpt lat="24.9241982" lon="110.5189438">
    <ele>115.0</ele>
    <time>2025-12-27T07:39:28Z</time>
    <name><![CDATA[
        ]]>
    </name>
    <cmt>
        </cmt>
    <desc><![CDATA[]]>
    </desc>
    <sym>Flag, Blue</sym>
    <type>user</type>
    <extensions>
      <PosType>0</PosType>
      <Speed>0.0</Speed>
      <Accuracy>0.0</Accuracy>
      <Time>1766821168000</Time>
      <description><![CDATA[]]>
      </description>
      <FileId>1534370354</FileId>
      <FileSize>5508908</FileSize>
      <FileType>0</FileType>
    </extensions>
  </wpt>
  <wpt lat="24.9241982" lon="110.5189438">
    <ele>115.0</ele>
    <time>2025-12-27T07:39:38Z</time>
    <name><![CDATA[
        ]]>
    </name>
    <cmt>
        </cmt>
    <desc><![CDATA[]]>
    </desc>
    <sym>Flag, Blue</sym>
    <type>user</type>
    <extensions>
      <PosType>0</PosType>
      <Speed>0.0</Speed>
      <Accuracy>0.0</Accuracy>
      <Time>1766821178000</Time>
      <description><![CDATA[]]>
      </description>
      <FileId>1534370356</FileId>
      <FileSize>6242272</FileSize>
      <FileType>0</FileType>
    </extensions>
  </wpt>
  <wpt lat="24.9216338" lon="110.5232191">
    <ele>109.0</ele>
    <time>2025-12-27T07:52:08Z</time>
    <name><![CDATA[
        ]]>
    </name>
    <cmt>
        </cmt>
    <desc><![CDATA[]]>
    </desc>
    <sym>Flag, Blue</sym>
    <type>user</type>
    <extensions>
      <PosType>0</PosType>
      <Speed>0.40199804</Speed>
      <Accuracy>9.6</Accuracy>
      <Time>1766821928479</Time>
      <description><![CDATA[]]>
      </description>
      <FileId>1534370521</FileId>
      <FileSize>3908253</FileSize>
      <FileType>0</FileType>
    </extensions>
  </wpt>
  <wpt lat="24.9212362" lon="110.52345">
    <ele>109.0</ele>
    <time>2025-12-27T07:52:42Z</time>
    <name><![CDATA[
        ]]>
    </name>
    <cmt>
        </cmt>
    <desc><![CDATA[]]>
    </desc>
    <sym>Flag, Blue</sym>
    <type>user</type>
    <extensions>
      <PosType>0</PosType>
      <Speed>0.9192939</Speed>
      <Accuracy>9.7</Accuracy>
      <Time>1766821962548</Time>
      <description><![CDATA[]]>
      </description>
      <FileId>1534370574</FileId>
      <FileSize>2747341</FileSize>
      <FileType>0</FileType>
    </extensions>
  </wpt>
  <wpt lat="24.9191781" lon="110.5218758">
    <ele>95.0</ele>
    <time>2025-12-27T08:03:18Z</time>
    <name><![CDATA[
        ]]>
    </name>
    <cmt>
        </cmt>
    <desc><![CDATA[]]>
    </desc>
    <sym>Flag, Blue</sym>
    <type>user</type>
    <extensions>
      <PosType>0</PosType>
      <Speed>0.37935027</Speed>
      <Accuracy>11.0</Accuracy>
      <Time>1766822598591</Time>
      <description><![CDATA[]]>
      </description>
      <FileId>1534370578</FileId>
      <FileSize>6388870</FileSize>
      <FileType>0</FileType>
    </extensions>
  </wpt>
  <wpt lat="24.9190807" lon="110.5218471">
    <ele>95.0</ele>
    <time>2025-12-27T08:03:32Z</time>
    <name><![CDATA[
        ]]>
    </name>
    <cmt>
        </cmt>
    <desc><![CDATA[]]>
    </desc>
    <sym>Flag, Blue</sym>
    <type>user</type>
    <extensions>
      <PosType>0</PosType>
      <Speed>0.4534703</Speed>
      <Accuracy>12.0</Accuracy>
      <Time>1766822612487</Time>
      <description><![CDATA[]]>
      </description>
      <FileId>1534370580</FileId>
      <FileSize>6640985</FileSize>
      <FileType>0</FileType>
    </extensions>
  </wpt>
  <wpt lat="24.9188488" lon="110.5206315">
    <ele>118.0</ele>
    <time>2025-12-27T08:06:02Z</time>
    <name><![CDATA[
        ]]>
    </name>
    <cmt>
        </cmt>
    <desc><![CDATA[]]>
    </desc>
    <sym>Flag, Blue</sym>
    <type>user</type>
    <extensions>
      <PosType>0</PosType>
      <Speed>0.0</Speed>
      <Accuracy>15.6</Accuracy>
      <Time>1766822762492</Time>
      <description><![CDATA[]]>
      </description>
      <FileId>1534370583</FileId>
      <FileSize>6715970</FileSize>
      <FileType>0</FileType>
    </extensions>
  </wpt>
  <wpt lat="24.9173107" lon="110.5207214">
    <ele>320.0</ele>
    <time>2025-12-27T08:24:59Z</time>
    <name><![CDATA[
        ]]>
    </name>
    <cmt>
        </cmt>
    <desc><![CDATA[]]>
    </desc>
    <sym>Flag, Blue</sym>
    <type>user</type>
    <extensions>
      <PosType>0</PosType>
      <Speed>0.0</Speed>
      <Accuracy>0.0</Accuracy>
      <Time>1766823899000</Time>
      <description><![CDATA[]]>
      </description>
      <FileId>1534370364</FileId>
      <FileSize>7774162</FileSize>
      <FileType>0</FileType>
    </extensions>
  </wpt>
  <wpt lat="24.9173775" lon="110.5206451">
    <ele>300.0</ele>
    <time>2025-12-27T08:27:12Z</time>
    <name><![CDATA[
        ]]>
    </name>
    <cmt>
        </cmt>
    <desc><![CDATA[]]>
    </desc>
    <sym>Flag, Blue</sym>
    <type>user</type>
    <extensions>
      <PosType>0</PosType>
      <Speed>0.0</Speed>
      <Accuracy>0.0</Accuracy>
      <Time>1766824032000</Time>
      <description><![CDATA[]]>
      </description>
      <FileId>1534370359</FileId>
      <FileSize>5906851</FileSize>
      <FileType>0</FileType>
    </extensions>
  </wpt>
  <wpt lat="24.9173775" lon="110.5206451">
    <ele>300.0</ele>
    <time>2025-12-27T08:29:06Z</time>
    <name><![CDATA[
        ]]>
    </name>
    <cmt>
        </cmt>
    <desc><![CDATA[]]>
    </desc>
    <sym>Flag, Blue</sym>
    <type>user</type>
    <extensions>
      <PosType>0</PosType>
      <Speed>0.0</Speed>
      <Accuracy>0.0</Accuracy>
      <Time>1766824146000</Time>
      <description><![CDATA[]]>
      </description>
      <FileId>1534370366</FileId>
      <FileSize>7125634</FileSize>
      <FileType>0</FileType>
    </extensions>
  </wpt>
  <wpt lat="24.9175854" lon="110.5207443">
    <ele>297.0</ele>
    <time>2025-12-27T08:31:10Z</time>
    <name><![CDATA[
        ]]>
    </name>
    <cmt>
        </cmt>
    <desc><![CDATA[]]>
    </desc>
    <sym>Flag, Blue</sym>
    <type>user</type>
    <extensions>
      <PosType>0</PosType>
      <Speed>0.0</Speed>
      <Accuracy>0.0</Accuracy>
      <Time>1766824270000</Time>
      <description><![CDATA[]]>
      </description>
      <FileId>1534370371</FileId>
      <FileSize>6490510</FileSize>
      <FileType>0</FileType>
    </extensions>
  </wpt>
  <wpt lat="24.9177113" lon="110.5206146">
    <ele>274.0</ele>
    <time>2025-12-27T08:33:46Z</time>
    <name><![CDATA[
        ]]>
    </name>
    <cmt>
        </cmt>
    <desc><![CDATA[]]>
    </desc>
    <sym>Flag, Blue</sym>
    <type>user</type>
    <extensions>
      <PosType>0</PosType>
      <Speed>0.0</Speed>
      <Accuracy>0.0</Accuracy>
      <Time>1766824426000</Time>
      <description><![CDATA[]]>
      </description>
      <FileId>1534370424</FileId>
      <FileSize>6099522</FileSize>
      <FileType>0</FileType>
    </extensions>
  </wpt>
  <wpt lat="24.9177284" lon="110.5205688">
    <ele>274.0</ele>
    <time>2025-12-27T08:37:08Z</time>
    <name><![CDATA[
        ]]>
    </name>
    <cmt>
        </cmt>
    <desc><![CDATA[]]>
    </desc>
    <sym>Flag, Blue</sym>
    <type>user</type>
    <extensions>
      <PosType>0</PosType>
      <Speed>0.0</Speed>
      <Accuracy>0.0</Accuracy>
      <Time>1766824628000</Time>
      <description><![CDATA[]]>
      </description>
      <FileId>1534370428</FileId>
      <FileSize>4407785</FileSize>
      <FileType>0</FileType>
    </extensions>
  </wpt>
  <wpt lat="24.9177284" lon="110.5205688">
    <ele>274.0</ele>
    <time>2025-12-27T08:40:41Z</time>
    <name><![CDATA[
        ]]>
    </name>
    <cmt>
        </cmt>
    <desc><![CDATA[]]>
    </desc>
    <sym>Flag, Blue</sym>
    <type>user</type>
    <extensions>
      <PosType>0</PosType>
      <Speed>0.0</Speed>
      <Accuracy>0.0</Accuracy>
      <Time>1766824841000</Time>
      <description><![CDATA[]]>
      </description>
      <FileId>1534370429</FileId>
      <FileSize>2598699</FileSize>
      <FileType>0</FileType>
    </extensions>
  </wpt>
</gpx>